{
	"credit": "Made with Blockbench",
	"texture_size": [64, 64],
	"textures": {
		"0": "magiccosmetics:item/ajul/main",
		"1": "magiccosmetics:item/ajul/tali",
		"particle": "magiccosmetics:item/ajul/main"
	},
	"elements": [
		{
			"from": [-2, 6, 7],
			"to": [0, 12, 9],
			"rotation": {"angle": 0, "axis": "y", "origin": [8, 9, 8]},
			"faces": {
				"north": {"uv": [8.75, 7.5, 9.25, 9], "texture": "#0"},
				"east": {"uv": [0, 9, 0.5, 10.5], "texture": "#0"},
				"south": {"uv": [0.5, 9, 1, 10.5], "texture": "#0"},
				"west": {"uv": [9, 0.5, 9.5, 2], "texture": "#0"},
				"up": {"uv": [3, 9.5, 2.5, 9], "texture": "#0"},
				"down": {"uv": [10.5, 0, 10, 0.5], "texture": "#0"}
			}
		},
		{
			"from": [2, 0, 7],
			"to": [14, 2, 9],
			"rotation": {"angle": 0, "axis": "y", "origin": [8, 9, 8]},
			"faces": {
				"north": {"uv": [0, 4.5, 3, 5], "texture": "#0"},
				"east": {"uv": [10, 2.5, 10.5, 3], "texture": "#0"},
				"south": {"uv": [3, 4.5, 6, 5], "texture": "#0"},
				"west": {"uv": [10, 3, 10.5, 3.5], "texture": "#0"},
				"up": {"uv": [3, 5.5, 0, 5], "texture": "#0"},
				"down": {"uv": [6, 5, 3, 5.5], "texture": "#0"}
			}
		},
		{
			"from": [2, 2, 9],
			"to": [14, 4, 9],
			"rotation": {"angle": 0, "axis": "y", "origin": [8, 9, 8]},
			"faces": {
				"north": {"uv": [0, 5.5, 3, 6], "texture": "#0"},
				"east": {"uv": [0, 0, 0, 0.5], "texture": "#0"},
				"south": {"uv": [3, 5.5, 6, 6], "texture": "#0"},
				"west": {"uv": [0, 0, 0, 0.5], "texture": "#0"},
				"up": {"uv": [3, 0, 0, 0], "texture": "#0"},
				"down": {"uv": [3, 0, 0, 0], "texture": "#0"}
			}
		},
		{
			"from": [2, 8, 9],
			"to": [14, 10, 9],
			"rotation": {"angle": 0, "axis": "y", "origin": [8, 9, 8]},
			"faces": {
				"north": {"uv": [0, 6, 3, 6.5], "texture": "#0"},
				"east": {"uv": [0, 0, 0, 0.5], "texture": "#0"},
				"south": {"uv": [6, 0.5, 9, 1], "texture": "#0"},
				"west": {"uv": [0, 0, 0, 0.5], "texture": "#0"},
				"up": {"uv": [3, 0, 0, 0], "texture": "#0"},
				"down": {"uv": [3, 0, 0, 0], "texture": "#0"}
			}
		},
		{
			"from": [10, 8, 7.5],
			"to": [14.5, 10, 7.75],
			"rotation": {"angle": 0, "axis": "y", "origin": [8, 9, 8]},
			"faces": {
				"north": {"uv": [9.25, 7.5, 10.5, 8], "texture": "#0"},
				"east": {"uv": [6.75, 7.5, 7, 8], "texture": "#0"},
				"south": {"uv": [9.25, 8, 10.5, 8.5], "texture": "#0"},
				"west": {"uv": [5.5, 10.5, 5.75, 11], "texture": "#0"},
				"up": {"uv": [10.25, 4.5, 9, 4.25], "texture": "#0"},
				"down": {"uv": [10, 9.75, 8.75, 10], "texture": "#0"}
			}
		},
		{
			"from": [1.5, 8, 7.5],
			"to": [6, 10, 7.75],
			"rotation": {"angle": 0, "axis": "y", "origin": [8, 9, 8]},
			"faces": {
				"north": {"uv": [9.25, 8.5, 10.5, 9], "texture": "#0"},
				"east": {"uv": [7.75, 10.5, 8, 11], "texture": "#0"},
				"south": {"uv": [9.5, 0.5, 10.75, 1], "texture": "#0"},
				"west": {"uv": [8, 10.5, 8.25, 11], "texture": "#0"},
				"up": {"uv": [11, 9.25, 9.75, 9], "texture": "#0"},
				"down": {"uv": [11, 9.25, 9.75, 9.5], "texture": "#0"}
			}
		},
		{
			"from": [0, 2, 7],
			"to": [16, 4, 9],
			"rotation": {"angle": 0, "axis": "y", "origin": [8, 9, 8]},
			"faces": {
				"north": {"uv": [0, 2, 4, 2.5], "texture": "#0"},
				"east": {"uv": [10, 3.5, 10.5, 4], "texture": "#0"},
				"south": {"uv": [0, 2.5, 4, 3], "texture": "#0"},
				"west": {"uv": [10, 5.5, 10.5, 6], "texture": "#0"},
				"up": {"uv": [4, 3.5, 0, 3], "texture": "#0"},
				"down": {"uv": [4, 3.5, 0, 4], "texture": "#0"}
			}
		},
		{
			"from": [14, 8, 7],
			"to": [16, 12, 9],
			"rotation": {"angle": 0, "axis": "y", "origin": [8, 9, 8]},
			"faces": {
				"north": {"uv": [9.5, 2.5, 10, 3.5], "texture": "#0"},
				"east": {"uv": [3.25, 9.5, 3.75, 10.5], "texture": "#0"},
				"south": {"uv": [3.75, 9.5, 4.25, 10.5], "texture": "#0"},
				"west": {"uv": [4.25, 9.5, 4.75, 10.5], "texture": "#0"},
				"up": {"uv": [10.5, 6.5, 10, 6], "texture": "#0"},
				"down": {"uv": [9.25, 10, 8.75, 10.5], "texture": "#0"}
			}
		},
		{
			"from": [0, 11.12282, 7.14578],
			"to": [15.5, 15.12282, 9.14578],
			"rotation": {"angle": -22.5, "axis": "x", "origin": [7.75, 11.19497, 6.86794]},
			"faces": {
				"north": {"uv": [0, 0, 4, 1], "texture": "#0"},
				"east": {"uv": [4.75, 9.5, 5.25, 10.5], "texture": "#0"},
				"south": {"uv": [0, 1, 4, 2], "texture": "#0"},
				"west": {"uv": [5.25, 9.5, 5.75, 10.5], "texture": "#0"},
				"up": {"uv": [4, 4.5, 0, 4], "texture": "#0"},
				"down": {"uv": [8, 0, 4, 0.5], "texture": "#0"}
			}
		},
		{
			"from": [0, 8, 7],
			"to": [2, 12, 9],
			"rotation": {"angle": 0, "axis": "y", "origin": [8, 9, 8]},
			"faces": {
				"north": {"uv": [9.5, 5.5, 10, 6.5], "texture": "#0"},
				"east": {"uv": [6.75, 9.5, 7.25, 10.5], "texture": "#0"},
				"south": {"uv": [7.25, 9.5, 7.75, 10.5], "texture": "#0"},
				"west": {"uv": [7.75, 9.5, 8.25, 10.5], "texture": "#0"},
				"up": {"uv": [9.75, 10.5, 9.25, 10], "texture": "#0"},
				"down": {"uv": [10.5, 9.5, 10, 10], "texture": "#0"}
			}
		},
		{
			"from": [5, 6.5, 7.25],
			"to": [7, 8.5, 8.75],
			"rotation": {"angle": 45, "axis": "z", "origin": [3, 9, 8]},
			"faces": {
				"north": {"uv": [9.75, 10, 10.25, 10.5], "texture": "#0"},
				"east": {"uv": [10.25, 1, 10.75, 1.5], "texture": "#0"},
				"south": {"uv": [10.25, 1.5, 10.75, 2], "texture": "#0"},
				"west": {"uv": [10.25, 2, 10.75, 2.5], "texture": "#0"},
				"up": {"uv": [3, 10.75, 2.5, 10.25], "texture": "#0"},
				"down": {"uv": [10.75, 4, 10.25, 4.5], "texture": "#0"}
			}
		},
		{
			"from": [13.501, 8.001, 7.001],
			"to": [15.499, 9.999, 8.749],
			"rotation": {"angle": -45, "axis": "z", "origin": [13, 9, 8]},
			"faces": {
				"north": {"uv": [10.25, 6.5, 10.75, 7], "texture": "#0"},
				"east": {"uv": [10.25, 7, 10.75, 7.5], "texture": "#0"},
				"south": {"uv": [10.25, 10, 10.75, 10.5], "texture": "#0"},
				"west": {"uv": [0, 10.5, 0.5, 11], "texture": "#0"},
				"up": {"uv": [11, 0.5, 10.5, 0], "texture": "#0"},
				"down": {"uv": [1, 10.5, 0.5, 11], "texture": "#0"}
			}
		},
		{
			"from": [0.501, 8.001, 7.001],
			"to": [2.499, 9.999, 8.749],
			"rotation": {"angle": 45, "axis": "z", "origin": [3, 9, 8]},
			"faces": {
				"north": {"uv": [1, 10.5, 1.5, 11], "texture": "#0"},
				"east": {"uv": [1.5, 10.5, 2, 11], "texture": "#0"},
				"south": {"uv": [2, 10.5, 2.5, 11], "texture": "#0"},
				"west": {"uv": [10.5, 2.5, 11, 3], "texture": "#0"},
				"up": {"uv": [3.5, 11, 3, 10.5], "texture": "#0"},
				"down": {"uv": [11, 3, 10.5, 3.5], "texture": "#0"}
			}
		},
		{
			"from": [9, 6.5, 7.25],
			"to": [11, 8.5, 8.75],
			"rotation": {"angle": -45, "axis": "z", "origin": [13, 9, 8]},
			"faces": {
				"north": {"uv": [3.5, 10.5, 4, 11], "texture": "#0"},
				"east": {"uv": [10.5, 3.5, 11, 4], "texture": "#0"},
				"south": {"uv": [4, 10.5, 4.5, 11], "texture": "#0"},
				"west": {"uv": [4.5, 10.5, 5, 11], "texture": "#0"},
				"up": {"uv": [11, 5, 10.5, 4.5], "texture": "#0"},
				"down": {"uv": [5.5, 10.5, 5, 11], "texture": "#0"}
			}
		},
		{
			"from": [8, 4, 7],
			"to": [16, 8, 9],
			"rotation": {"angle": 0, "axis": "y", "origin": [15, 12, 8]},
			"faces": {
				"north": {"uv": [4, 0.5, 6, 1.5], "texture": "#0"},
				"east": {"uv": [8.25, 9.5, 8.75, 10.5], "texture": "#0"},
				"south": {"uv": [4, 1.5, 6, 2.5], "texture": "#0"},
				"west": {"uv": [5.75, 9.75, 6.25, 10.75], "texture": "#0"},
				"up": {"uv": [10, 0.5, 8, 0], "texture": "#0"},
				"down": {"uv": [8.75, 8, 6.75, 8.5], "texture": "#0"}
			}
		},
		{
			"from": [2, 10, 7],
			"to": [14, 12, 9],
			"rotation": {"angle": 0, "axis": "y", "origin": [1, 12, 8]},
			"faces": {
				"north": {"uv": [6, 1, 9, 1.5], "texture": "#0"},
				"east": {"uv": [10.5, 5, 11, 5.5], "texture": "#0"},
				"south": {"uv": [6, 1.5, 9, 2], "texture": "#0"},
				"west": {"uv": [10.5, 5.5, 11, 6], "texture": "#0"},
				"up": {"uv": [9, 2.5, 6, 2], "texture": "#0"},
				"down": {"uv": [9, 2.5, 6, 3], "texture": "#0"}
			}
		},
		{
			"from": [0, 4, 7],
			"to": [8, 8, 9],
			"rotation": {"angle": 0, "axis": "y", "origin": [1, 12, 8]},
			"faces": {
				"north": {"uv": [4, 2.5, 6, 3.5], "texture": "#0"},
				"east": {"uv": [6.25, 9.75, 6.75, 10.75], "texture": "#0"},
				"south": {"uv": [4, 3.5, 6, 4.5], "texture": "#0"},
				"west": {"uv": [9.75, 6.5, 10.25, 7.5], "texture": "#0"},
				"up": {"uv": [10.5, 5, 8.5, 4.5], "texture": "#0"},
				"down": {"uv": [10.5, 5, 8.5, 5.5], "texture": "#0"}
			}
		},
		{
			"from": [16, 6, 7],
			"to": [18, 12, 9],
			"rotation": {"angle": 0, "axis": "y", "origin": [8, 9, 8]},
			"faces": {
				"north": {"uv": [1, 9, 1.5, 10.5], "texture": "#0"},
				"east": {"uv": [1.5, 9, 2, 10.5], "texture": "#0"},
				"south": {"uv": [2, 9, 2.5, 10.5], "texture": "#0"},
				"west": {"uv": [9, 2, 9.5, 3.5], "texture": "#0"},
				"up": {"uv": [11, 6.5, 10.5, 6], "texture": "#0"},
				"down": {"uv": [7.25, 10.5, 6.75, 11], "texture": "#0"}
			}
		},
		{
			"from": [2, 15.12282, 7.14578],
			"to": [13.5, 17.12282, 9.14578],
			"rotation": {"angle": -22.5, "axis": "x", "origin": [7.75, 11.19497, 6.86794]},
			"faces": {
				"north": {"uv": [3, 6, 6, 6.5], "texture": "#0"},
				"east": {"uv": [7.25, 10.5, 7.75, 11], "texture": "#0"},
				"south": {"uv": [6, 3, 9, 3.5], "texture": "#0"},
				"west": {"uv": [10.5, 7.5, 11, 8], "texture": "#0"},
				"up": {"uv": [9, 4, 6, 3.5], "texture": "#0"},
				"down": {"uv": [9, 4, 6, 4.5], "texture": "#0"}
			}
		},
		{
			"from": [6, 5.75, 6.75],
			"to": [10, 11.75, 9.75],
			"rotation": {"angle": 22.5, "axis": "x", "origin": [8, 9, 8]},
			"faces": {
				"north": {"uv": [6, 4.5, 7, 6], "texture": "#0"},
				"east": {"uv": [0, 7.5, 0.75, 9], "texture": "#0"},
				"south": {"uv": [6, 6, 7, 7.5], "texture": "#0"},
				"west": {"uv": [0.75, 7.5, 1.5, 9], "texture": "#0"},
				"up": {"uv": [10, 4.25, 9, 3.5], "texture": "#0"},
				"down": {"uv": [9.75, 9, 8.75, 9.75], "texture": "#0"}
			}
		},
		{
			"from": [-1.25, 11.70004, 1.14666],
			"to": [2.75, 15.70004, 7.14666],
			"rotation": {"angle": 22.5, "axis": "x", "origin": [6.75, 11.19497, 6.86794]},
			"faces": {
				"north": {"uv": [8.5, 5.5, 9.5, 6.5], "texture": "#0"},
				"east": {"uv": [0, 6.5, 1.5, 7.5], "texture": "#0"},
				"south": {"uv": [6.75, 8.5, 7.75, 9.5], "texture": "#0"},
				"west": {"uv": [1.5, 6.5, 3, 7.5], "texture": "#0"},
				"up": {"uv": [4, 8, 3, 6.5], "texture": "#0"},
				"down": {"uv": [5, 6.5, 4, 8], "texture": "#0"}
			}
		},
		{
			"from": [-0.5, 15.51713, 4.34011],
			"to": [2, 21.01713, 6.84011],
			"rotation": {"angle": -22.5, "axis": "x", "origin": [6.75, 11.19497, 6.86794]},
			"faces": {
				"north": {"uv": [1.5, 7.5, 2.25, 9], "texture": "#0"},
				"east": {"uv": [2.25, 7.5, 3, 9], "texture": "#0"},
				"south": {"uv": [6, 7.5, 6.75, 9], "texture": "#0"},
				"west": {"uv": [3, 8, 3.75, 9.5], "texture": "#0"},
				"up": {"uv": [6.75, 9.75, 6, 9], "texture": "#0"},
				"down": {"uv": [10.25, 1, 9.5, 1.75], "texture": "#0"}
			}
		},
		{
			"from": [13.25, 11.70004, 1.14666],
			"to": [17.25, 15.70004, 7.14666],
			"rotation": {"angle": 22.5, "axis": "x", "origin": [9.25, 11.19497, 6.86794]},
			"faces": {
				"north": {"uv": [9.5, 5.5, 8.5, 6.5], "texture": "#0"},
				"east": {"uv": [3, 6.5, 1.5, 7.5], "texture": "#0"},
				"south": {"uv": [7.75, 8.5, 6.75, 9.5], "texture": "#0"},
				"west": {"uv": [1.5, 6.5, 0, 7.5], "texture": "#0"},
				"up": {"uv": [3, 8, 4, 6.5], "texture": "#0"},
				"down": {"uv": [4, 6.5, 5, 8], "texture": "#0"}
			}
		},
		{
			"from": [14, 15.51713, 4.34011],
			"to": [16.5, 21.01713, 6.84011],
			"rotation": {"angle": -22.5, "axis": "x", "origin": [9.25, 11.19497, 6.86794]},
			"faces": {
				"north": {"uv": [2.25, 7.5, 1.5, 9], "texture": "#0"},
				"east": {"uv": [3.75, 8, 3, 9.5], "texture": "#0"},
				"south": {"uv": [6.75, 7.5, 6, 9], "texture": "#0"},
				"west": {"uv": [3, 7.5, 2.25, 9], "texture": "#0"},
				"up": {"uv": [6, 9.75, 6.75, 9], "texture": "#0"},
				"down": {"uv": [9.5, 1, 10.25, 1.75], "texture": "#0"}
			}
		},
		{
			"from": [0.25, 6.75, 9],
			"to": [1.25, 8.75, 25],
			"rotation": {"angle": 0, "axis": "y", "origin": [0.25, -1.25, 0]},
			"faces": {
				"north": {"uv": [20, 19, 21, 21], "texture": "#1"},
				"east": {"uv": [0, 0, 16, 2], "texture": "#1"},
				"south": {"uv": [10, 21, 11, 23], "texture": "#1"},
				"west": {"uv": [0, 2, 16, 4], "texture": "#1"},
				"up": {"uv": [5, 24, 4, 8], "texture": "#1"},
				"down": {"uv": [6, 8, 5, 24], "texture": "#1"}
			}
		},
		{
			"from": [14.75, 6.75, 9],
			"to": [15.75, 8.75, 25],
			"rotation": {"angle": 0, "axis": "y", "origin": [15.75, -1.25, 0]},
			"faces": {
				"north": {"uv": [11, 21, 12, 23], "texture": "#1"},
				"east": {"uv": [0, 4, 16, 6], "texture": "#1"},
				"south": {"uv": [12, 21, 13, 23], "texture": "#1"},
				"west": {"uv": [0, 6, 16, 8], "texture": "#1"},
				"up": {"uv": [7, 24, 6, 8], "texture": "#1"},
				"down": {"uv": [8, 8, 7, 24], "texture": "#1"}
			}
		},
		{
			"from": [0.25, 6.75, 24],
			"to": [15, 8.75, 25],
			"rotation": {"angle": 0, "axis": "y", "origin": [8, 1.75, 25.5]},
			"faces": {
				"north": {"uv": [16, 10, 20, 12], "texture": "#1"},
				"east": {"uv": [13, 21, 14, 23], "texture": "#1"},
				"south": {"uv": [12, 16, 16, 18], "texture": "#1"},
				"west": {"uv": [14, 21, 15, 23], "texture": "#1"},
				"up": {"uv": [24, 11, 20, 10], "texture": "#1"},
				"down": {"uv": [24, 11, 20, 12], "texture": "#1"}
			}
		},
		{
			"from": [12, 6.75, 24],
			"to": [15.75, 8.75, 25],
			"rotation": {"angle": 0, "axis": "y", "origin": [8, 1.75, 25.5]},
			"faces": {
				"north": {"uv": [16, 16, 20, 18], "texture": "#1"},
				"east": {"uv": [20, 21, 21, 23], "texture": "#1"},
				"south": {"uv": [12, 18, 16, 20], "texture": "#1"},
				"west": {"uv": [21, 21, 22, 23], "texture": "#1"},
				"up": {"uv": [24, 17, 20, 16], "texture": "#1"},
				"down": {"uv": [24, 17, 20, 18], "texture": "#1"}
			}
		}
	],
	"display": {
		"thirdperson_righthand": {
			"rotation": [76.37, -25.63, -2.87],
			"translation": [1.5, 0.5, 2],
			"scale": [0.39844, 0.39844, 0.39844]
		},
		"thirdperson_lefthand": {
			"rotation": [76.37, -25.63, -2.87],
			"translation": [1.5, 0.5, 2],
			"scale": [0.39844, 0.39844, 0.39844]
		},
		"firstperson_righthand": {
			"rotation": [162.11, 52.75, -166.71],
			"translation": [1.5, 5, -1.5],
			"scale": [0.46875, 0.46875, 0.46875]
		},
		"firstperson_lefthand": {
			"rotation": [162.11, 52.75, -166.71],
			"translation": [1.5, 5, -1.5],
			"scale": [0.46875, 0.46875, 0.46875]
		},
		"ground": {
			"rotation": [30.96, -0.53, -1.95],
			"translation": [0, 10, -5.25],
			"scale": [0.68555, 0.68555, 0.68555]
		},
		"gui": {
			"rotation": [-154.82, 47.29, 179.22],
			"translation": [-2.25, 0.5, 0],
			"scale": [0.54922, 0.54922, 0.54922]
		},
		"head": {
			"translation": [0, -0.25, -7],
			"scale": [0.91992, 0.91992, 0.84961]
		},
		"fixed": {
			"translation": [0, 0, -1.5],
			"scale": [1.33008, 1.33008, 1.33008]
		}
	},
	"groups": [
		{
			"name": "group",
			"origin": [15.5, 4.25, 11.25],
			"color": 0,
			"children": [0, 1, 2, 3, 4, 5, 6, 7, 8, 9, 10, 11, 12, 13, 14, 15, 16, 17, 18, 19, 20, 21, 22, 23]
		},
		{
			"name": "group",
			"origin": [15.5, 3.75, 11.25],
			"color": 0,
			"children": [24, 25, 26, 27]
		}
	]
}