{
	"credit": "Made with Blockbench",
	"texture_size": [64, 64],
	"textures": {
		"0": "magiccosmetics:item/angelonic/angelonic",
		"particle": "magiccosmetics:item/angelonic/angelonic"
	},
	"elements": [
		{
			"from": [0, 4, 3],
			"to": [2, 6, 13],
			"rotation": {"angle": 0, "axis": "y", "origin": [1, 5, 6]},
			"faces": {
				"north": {"uv": [2.5, 5.5, 3, 6], "texture": "#0"},
				"east": {"uv": [0, 5.5, 2.5, 6], "texture": "#0"},
				"south": {"uv": [5.5, 5.5, 6, 6], "texture": "#0"},
				"west": {"uv": [3, 5.5, 5.5, 6], "texture": "#0"},
				"up": {"uv": [3, 5.5, 2.5, 3], "texture": "#0"},
				"down": {"uv": [3.5, 3, 3, 5.5], "texture": "#0"}
			}
		},
		{
			"from": [12, 4, 3],
			"to": [14, 6, 13],
			"rotation": {"angle": 0, "axis": "y", "origin": [13, 5, 6]},
			"faces": {
				"north": {"uv": [2.5, 2.5, 3, 3], "texture": "#0"},
				"east": {"uv": [0, 2.5, 2.5, 3], "texture": "#0"},
				"south": {"uv": [5.5, 2.5, 6, 3], "texture": "#0"},
				"west": {"uv": [3, 2.5, 5.5, 3], "texture": "#0"},
				"up": {"uv": [3, 2.5, 2.5, 0], "texture": "#0"},
				"down": {"uv": [3.5, 0, 3, 2.5], "texture": "#0"}
			}
		},
		{
			"from": [2, 4, 13],
			"to": [12, 6, 15],
			"rotation": {"angle": 0, "axis": "y", "origin": [6, 5, 14]},
			"faces": {
				"north": {"uv": [4, 1.5, 6.5, 2], "texture": "#0"},
				"east": {"uv": [3.5, 1.5, 4, 2], "texture": "#0"},
				"south": {"uv": [7, 1.5, 9.5, 2], "texture": "#0"},
				"west": {"uv": [6.5, 1.5, 7, 2], "texture": "#0"},
				"up": {"uv": [6.5, 1.5, 4, 1], "texture": "#0"},
				"down": {"uv": [9, 1, 6.5, 1.5], "texture": "#0"}
			}
		},
		{
			"from": [2, 4, 1],
			"to": [12, 6, 3],
			"rotation": {"angle": 0, "axis": "y", "origin": [6, 5, 2]},
			"faces": {
				"north": {"uv": [4, 0.5, 6.5, 1], "texture": "#0"},
				"east": {"uv": [3.5, 0.5, 4, 1], "texture": "#0"},
				"south": {"uv": [7, 0.5, 9.5, 1], "texture": "#0"},
				"west": {"uv": [6.5, 0.5, 7, 1], "texture": "#0"},
				"up": {"uv": [6.5, 0.5, 4, 0], "texture": "#0"},
				"down": {"uv": [9, 0, 6.5, 0.5], "texture": "#0"}
			}
		},
		{
			"from": [2, 4, 3],
			"to": [4, 6, 5],
			"rotation": {"angle": 0, "axis": "y", "origin": [6, 5, 4]},
			"faces": {
				"north": {"uv": [6.25, 9, 6.75, 9.5], "texture": "#0"},
				"east": {"uv": [5.75, 9, 6.25, 9.5], "texture": "#0"},
				"south": {"uv": [7.25, 9, 7.75, 9.5], "texture": "#0"},
				"west": {"uv": [6.75, 9, 7.25, 9.5], "texture": "#0"},
				"up": {"uv": [6.75, 9, 6.25, 8.5], "texture": "#0"},
				"down": {"uv": [7.25, 8.5, 6.75, 9], "texture": "#0"}
			}
		},
		{
			"from": [10, 4, 3],
			"to": [12, 6, 5],
			"rotation": {"angle": 0, "axis": "y", "origin": [14, 5, 4]},
			"faces": {
				"north": {"uv": [8.75, 8.5, 9.25, 9], "texture": "#0"},
				"east": {"uv": [8.25, 8.5, 8.75, 9], "texture": "#0"},
				"south": {"uv": [9.75, 8.5, 10.25, 9], "texture": "#0"},
				"west": {"uv": [9.25, 8.5, 9.75, 9], "texture": "#0"},
				"up": {"uv": [9.25, 8.5, 8.75, 8], "texture": "#0"},
				"down": {"uv": [9.75, 8, 9.25, 8.5], "texture": "#0"}
			}
		},
		{
			"from": [10, 4, 11],
			"to": [12, 6, 13],
			"rotation": {"angle": 0, "axis": "y", "origin": [14, 5, 12]},
			"faces": {
				"north": {"uv": [4, 4.5, 4.5, 5], "texture": "#0"},
				"east": {"uv": [3.5, 4.5, 4, 5], "texture": "#0"},
				"south": {"uv": [5, 4.5, 5.5, 5], "texture": "#0"},
				"west": {"uv": [4.5, 4.5, 5, 5], "texture": "#0"},
				"up": {"uv": [4.5, 4.5, 4, 4], "texture": "#0"},
				"down": {"uv": [5, 4, 4.5, 4.5], "texture": "#0"}
			}
		},
		{
			"from": [2, 4, 11],
			"to": [4, 6, 13],
			"rotation": {"angle": 0, "axis": "y", "origin": [6, 5, 12]},
			"faces": {
				"north": {"uv": [4, 3.5, 4.5, 4], "texture": "#0"},
				"east": {"uv": [3.5, 3.5, 4, 4], "texture": "#0"},
				"south": {"uv": [5, 3.5, 5.5, 4], "texture": "#0"},
				"west": {"uv": [4.5, 3.5, 5, 4], "texture": "#0"},
				"up": {"uv": [4.5, 3.5, 4, 3], "texture": "#0"},
				"down": {"uv": [5, 3, 4.5, 3.5], "texture": "#0"}
			}
		},
		{
			"from": [12, -1, -1],
			"to": [16, 0, 0],
			"rotation": {"angle": 0, "axis": "y", "origin": [14, -1, -1]},
			"faces": {
				"north": {"uv": [4, 8.75, 5, 9], "texture": "#0"},
				"east": {"uv": [3.75, 8.75, 4, 9], "texture": "#0"},
				"south": {"uv": [5.25, 8.75, 6.25, 9], "texture": "#0"},
				"west": {"uv": [5, 8.75, 5.25, 9], "texture": "#0"},
				"up": {"uv": [5, 8.75, 4, 8.5], "texture": "#0"},
				"down": {"uv": [6, 8.5, 5, 8.75], "texture": "#0"}
			}
		},
		{
			"from": [12, -1, 2],
			"to": [16, 0, 3],
			"rotation": {"angle": 0, "axis": "y", "origin": [14, -1, 2]},
			"faces": {
				"north": {"uv": [1.5, 8.75, 2.5, 9], "texture": "#0"},
				"east": {"uv": [1.25, 8.75, 1.5, 9], "texture": "#0"},
				"south": {"uv": [2.75, 8.75, 3.75, 9], "texture": "#0"},
				"west": {"uv": [2.5, 8.75, 2.75, 9], "texture": "#0"},
				"up": {"uv": [2.5, 8.75, 1.5, 8.5], "texture": "#0"},
				"down": {"uv": [3.5, 8.5, 2.5, 8.75], "texture": "#0"}
			}
		},
		{
			"from": [16, -1, 0],
			"to": [17, 0, 2],
			"rotation": {"angle": 0, "axis": "y", "origin": [17, -1, 1]},
			"faces": {
				"north": {"uv": [4.75, 7.5, 5, 7.75], "texture": "#0"},
				"east": {"uv": [4.25, 7.5, 4.75, 7.75], "texture": "#0"},
				"south": {"uv": [5.5, 7.5, 5.75, 7.75], "texture": "#0"},
				"west": {"uv": [5, 7.5, 5.5, 7.75], "texture": "#0"},
				"up": {"uv": [5, 7.5, 4.75, 7], "texture": "#0"},
				"down": {"uv": [5.25, 7, 5, 7.5], "texture": "#0"}
			}
		},
		{
			"from": [15, -2, 0],
			"to": [17, -1, 1],
			"rotation": {"angle": 0, "axis": "y", "origin": [17, -2, 1]},
			"faces": {
				"north": {"uv": [9.25, 0.25, 9.75, 0.5], "texture": "#0"},
				"east": {"uv": [9, 0.25, 9.25, 0.5], "texture": "#0"},
				"south": {"uv": [10, 0.25, 10.5, 0.5], "texture": "#0"},
				"west": {"uv": [9.75, 0.25, 10, 0.5], "texture": "#0"},
				"up": {"uv": [9.75, 0.25, 9.25, 0], "texture": "#0"},
				"down": {"uv": [10.25, 0, 9.75, 0.25], "texture": "#0"}
			}
		},
		{
			"from": [14, -3, 0],
			"to": [16, -2, 1],
			"rotation": {"angle": 0, "axis": "y", "origin": [16, -3, 1]},
			"faces": {
				"north": {"uv": [9, 7.5, 9.5, 7.75], "texture": "#0"},
				"east": {"uv": [8.75, 7.5, 9, 7.75], "texture": "#0"},
				"south": {"uv": [9.75, 7.5, 10.25, 7.75], "texture": "#0"},
				"west": {"uv": [9.5, 7.5, 9.75, 7.75], "texture": "#0"},
				"up": {"uv": [9.5, 7.5, 9, 7.25], "texture": "#0"},
				"down": {"uv": [10, 7.25, 9.5, 7.5], "texture": "#0"}
			}
		},
		{
			"from": [16, 0, 0],
			"to": [17, 1, 1],
			"rotation": {"angle": 0, "axis": "y", "origin": [17, 0, 1]},
			"faces": {
				"north": {"uv": [2.5, 9.75, 2.75, 10], "texture": "#0"},
				"east": {"uv": [2.25, 9.75, 2.5, 10], "texture": "#0"},
				"south": {"uv": [3, 9.75, 3.25, 10], "texture": "#0"},
				"west": {"uv": [2.75, 9.75, 3, 10], "texture": "#0"},
				"up": {"uv": [2.75, 9.75, 2.5, 9.5], "texture": "#0"},
				"down": {"uv": [3, 9.5, 2.75, 9.75], "texture": "#0"}
			}
		},
		{
			"from": [15, 1, -1],
			"to": [16, 2, 0],
			"rotation": {"angle": 0, "axis": "y", "origin": [16, 1, 0]},
			"faces": {
				"north": {"uv": [9.75, 0.75, 10, 1], "texture": "#0"},
				"east": {"uv": [9.5, 0.75, 9.75, 1], "texture": "#0"},
				"south": {"uv": [10.25, 0.75, 10.5, 1], "texture": "#0"},
				"west": {"uv": [10, 0.75, 10.25, 1], "texture": "#0"},
				"up": {"uv": [10, 0.75, 9.75, 0.5], "texture": "#0"},
				"down": {"uv": [10.25, 0.5, 10, 0.75], "texture": "#0"}
			}
		},
		{
			"from": [15, 1, 2],
			"to": [16, 2, 3],
			"rotation": {"angle": 0, "axis": "y", "origin": [16, 1, 3]},
			"faces": {
				"north": {"uv": [9, 9.25, 9.25, 9.5], "texture": "#0"},
				"east": {"uv": [8.75, 9.25, 9, 9.5], "texture": "#0"},
				"south": {"uv": [9.5, 9.25, 9.75, 9.5], "texture": "#0"},
				"west": {"uv": [9.25, 9.25, 9.5, 9.5], "texture": "#0"},
				"up": {"uv": [9.25, 9.25, 9, 9], "texture": "#0"},
				"down": {"uv": [9.5, 9, 9.25, 9.25], "texture": "#0"}
			}
		},
		{
			"from": [13, 0, -1],
			"to": [14, 1, 0],
			"rotation": {"angle": 0, "axis": "y", "origin": [14, 0, 0]},
			"faces": {
				"north": {"uv": [9.5, 4, 9.75, 4.25], "texture": "#0"},
				"east": {"uv": [9.25, 4, 9.5, 4.25], "texture": "#0"},
				"south": {"uv": [10, 4, 10.25, 4.25], "texture": "#0"},
				"west": {"uv": [9.75, 4, 10, 4.25], "texture": "#0"},
				"up": {"uv": [9.75, 4, 9.5, 3.75], "texture": "#0"},
				"down": {"uv": [10, 3.75, 9.75, 4], "texture": "#0"}
			}
		},
		{
			"from": [13, 0, 2],
			"to": [14, 1, 3],
			"rotation": {"angle": 0, "axis": "y", "origin": [14, 0, 3]},
			"faces": {
				"north": {"uv": [7.5, 8.75, 7.75, 9], "texture": "#0"},
				"east": {"uv": [7.25, 8.75, 7.5, 9], "texture": "#0"},
				"south": {"uv": [8, 8.75, 8.25, 9], "texture": "#0"},
				"west": {"uv": [7.75, 8.75, 8, 9], "texture": "#0"},
				"up": {"uv": [7.75, 8.75, 7.5, 8.5], "texture": "#0"},
				"down": {"uv": [8, 8.5, 7.75, 8.75], "texture": "#0"}
			}
		},
		{
			"from": [11, 0, 1],
			"to": [12, 1, 2],
			"rotation": {"angle": 0, "axis": "y", "origin": [12, 0, 2]},
			"faces": {
				"north": {"uv": [9.5, 3.5, 9.75, 3.75], "texture": "#0"},
				"east": {"uv": [9.25, 3.5, 9.5, 3.75], "texture": "#0"},
				"south": {"uv": [10, 3.5, 10.25, 3.75], "texture": "#0"},
				"west": {"uv": [9.75, 3.5, 10, 3.75], "texture": "#0"},
				"up": {"uv": [9.75, 3.5, 9.5, 3.25], "texture": "#0"},
				"down": {"uv": [10, 3.25, 9.75, 3.5], "texture": "#0"}
			}
		},
		{
			"from": [13, 1, 1],
			"to": [14, 2, 2],
			"rotation": {"angle": 0, "axis": "y", "origin": [14, 1, 2]},
			"faces": {
				"north": {"uv": [5.25, 9.5, 5.5, 9.75], "texture": "#0"},
				"east": {"uv": [5, 9.5, 5.25, 9.75], "texture": "#0"},
				"south": {"uv": [5.75, 9.5, 6, 9.75], "texture": "#0"},
				"west": {"uv": [5.5, 9.5, 5.75, 9.75], "texture": "#0"},
				"up": {"uv": [5.5, 9.5, 5.25, 9.25], "texture": "#0"},
				"down": {"uv": [5.75, 9.25, 5.5, 9.5], "texture": "#0"}
			}
		},
		{
			"from": [12, -2, 1],
			"to": [13, -1, 2],
			"rotation": {"angle": 0, "axis": "y", "origin": [13, -2, 2]},
			"faces": {
				"north": {"uv": [9.5, 4.5, 9.75, 4.75], "texture": "#0"},
				"east": {"uv": [9.25, 4.5, 9.5, 4.75], "texture": "#0"},
				"south": {"uv": [10, 4.5, 10.25, 4.75], "texture": "#0"},
				"west": {"uv": [9.75, 4.5, 10, 4.75], "texture": "#0"},
				"up": {"uv": [9.75, 4.5, 9.5, 4.25], "texture": "#0"},
				"down": {"uv": [10, 4.25, 9.75, 4.5], "texture": "#0"}
			}
		},
		{
			"from": [11, -1, 0],
			"to": [12, 0, 2],
			"rotation": {"angle": 0, "axis": "y", "origin": [12, -1, 2]},
			"faces": {
				"north": {"uv": [1.5, 2.25, 1.75, 2.5], "texture": "#0"},
				"east": {"uv": [1, 2.25, 1.5, 2.5], "texture": "#0"},
				"south": {"uv": [2.25, 2.25, 2.5, 2.5], "texture": "#0"},
				"west": {"uv": [1.75, 2.25, 2.25, 2.5], "texture": "#0"},
				"up": {"uv": [1.75, 2.25, 1.5, 1.75], "texture": "#0"},
				"down": {"uv": [2, 1.75, 1.75, 2.25], "texture": "#0"}
			}
		},
		{
			"from": [15, 3, 1],
			"to": [16, 4, 2],
			"rotation": {"angle": 0, "axis": "y", "origin": [16, 3, 2]},
			"faces": {
				"north": {"uv": [1.5, 9.75, 1.75, 10], "texture": "#0"},
				"east": {"uv": [1.25, 9.75, 1.5, 10], "texture": "#0"},
				"south": {"uv": [2, 9.75, 2.25, 10], "texture": "#0"},
				"west": {"uv": [1.75, 9.75, 2, 10], "texture": "#0"},
				"up": {"uv": [1.75, 9.75, 1.5, 9.5], "texture": "#0"},
				"down": {"uv": [2, 9.5, 1.75, 9.75], "texture": "#0"}
			}
		},
		{
			"from": [14, -3, 1],
			"to": [15, -2, 2],
			"rotation": {"angle": 0, "axis": "y", "origin": [15, -3, 2]},
			"faces": {
				"north": {"uv": [9.5, 3, 9.75, 3.25], "texture": "#0"},
				"east": {"uv": [9.25, 3, 9.5, 3.25], "texture": "#0"},
				"south": {"uv": [10, 3, 10.25, 3.25], "texture": "#0"},
				"west": {"uv": [9.75, 3, 10, 3.25], "texture": "#0"},
				"up": {"uv": [9.75, 3, 9.5, 2.75], "texture": "#0"},
				"down": {"uv": [10, 2.75, 9.75, 3], "texture": "#0"}
			}
		},
		{
			"from": [15, -2, 1],
			"to": [16, -1, 2],
			"rotation": {"angle": 0, "axis": "y", "origin": [16, -2, 2]},
			"faces": {
				"north": {"uv": [9.5, 2, 9.75, 2.25], "texture": "#0"},
				"east": {"uv": [9.25, 2, 9.5, 2.25], "texture": "#0"},
				"south": {"uv": [10, 2, 10.25, 2.25], "texture": "#0"},
				"west": {"uv": [9.75, 2, 10, 2.25], "texture": "#0"},
				"up": {"uv": [9.75, 2, 9.5, 1.75], "texture": "#0"},
				"down": {"uv": [10, 1.75, 9.75, 2], "texture": "#0"}
			}
		},
		{
			"from": [16, 0, 1],
			"to": [17, 2, 2],
			"rotation": {"angle": 0, "axis": "y", "origin": [17, 0, 2]},
			"faces": {
				"north": {"uv": [8, 9.25, 8.25, 9.75], "texture": "#0"},
				"east": {"uv": [7.75, 9.25, 8, 9.75], "texture": "#0"},
				"south": {"uv": [8.5, 9.25, 8.75, 9.75], "texture": "#0"},
				"west": {"uv": [8.25, 9.25, 8.5, 9.75], "texture": "#0"},
				"up": {"uv": [8.25, 9.25, 8, 9], "texture": "#0"},
				"down": {"uv": [8.5, 9, 8.25, 9.25], "texture": "#0"}
			}
		},
		{
			"from": [16, -1, 2],
			"to": [17, 1, 3],
			"rotation": {"angle": 0, "axis": "y", "origin": [17, -1, 3]},
			"faces": {
				"north": {"uv": [4.25, 9.25, 4.5, 9.75], "texture": "#0"},
				"east": {"uv": [4, 9.25, 4.25, 9.75], "texture": "#0"},
				"south": {"uv": [4.75, 9.25, 5, 9.75], "texture": "#0"},
				"west": {"uv": [4.5, 9.25, 4.75, 9.75], "texture": "#0"},
				"up": {"uv": [4.5, 9.25, 4.25, 9], "texture": "#0"},
				"down": {"uv": [4.75, 9, 4.5, 9.25], "texture": "#0"}
			}
		},
		{
			"from": [16, -1, -1],
			"to": [17, 0, 0],
			"rotation": {"angle": 0, "axis": "y", "origin": [17, -1, 0]},
			"faces": {
				"north": {"uv": [1.75, 4.25, 2, 4.5], "texture": "#0"},
				"east": {"uv": [1.5, 4.25, 1.75, 4.5], "texture": "#0"},
				"south": {"uv": [2.25, 4.25, 2.5, 4.5], "texture": "#0"},
				"west": {"uv": [2, 4.25, 2.25, 4.5], "texture": "#0"},
				"up": {"uv": [2, 4.25, 1.75, 4], "texture": "#0"},
				"down": {"uv": [2.25, 4, 2, 4.25], "texture": "#0"}
			}
		},
		{
			"from": [14, -2, -1],
			"to": [16, -1, 0],
			"rotation": {"angle": 0, "axis": "y", "origin": [14, -2, -1]},
			"faces": {
				"north": {"uv": [9.25, 1.25, 9.75, 1.5], "texture": "#0"},
				"east": {"uv": [9, 1.25, 9.25, 1.5], "texture": "#0"},
				"south": {"uv": [10, 1.25, 10.5, 1.5], "texture": "#0"},
				"west": {"uv": [9.75, 1.25, 10, 1.5], "texture": "#0"},
				"up": {"uv": [9.75, 1.25, 9.25, 1], "texture": "#0"},
				"down": {"uv": [10.25, 1, 9.75, 1.25], "texture": "#0"}
			}
		},
		{
			"from": [14, -2, 2],
			"to": [16, -1, 3],
			"rotation": {"angle": 0, "axis": "y", "origin": [14, -2, 2]},
			"faces": {
				"north": {"uv": [4.5, 8, 5, 8.25], "texture": "#0"},
				"east": {"uv": [4.25, 8, 4.5, 8.25], "texture": "#0"},
				"south": {"uv": [5.25, 8, 5.75, 8.25], "texture": "#0"},
				"west": {"uv": [5, 8, 5.25, 8.25], "texture": "#0"},
				"up": {"uv": [5, 8, 4.5, 7.75], "texture": "#0"},
				"down": {"uv": [5.5, 7.75, 5, 8], "texture": "#0"}
			}
		},
		{
			"from": [14, 0, -1],
			"to": [16, 1, 0],
			"rotation": {"angle": 0, "axis": "y", "origin": [14, 0, -1]},
			"faces": {
				"north": {"uv": [1.75, 9.25, 2.25, 9.5], "texture": "#0"},
				"east": {"uv": [1.5, 9.25, 1.75, 9.5], "texture": "#0"},
				"south": {"uv": [2.5, 9.25, 3, 9.5], "texture": "#0"},
				"west": {"uv": [2.25, 9.25, 2.5, 9.5], "texture": "#0"},
				"up": {"uv": [2.25, 9.25, 1.75, 9], "texture": "#0"},
				"down": {"uv": [2.75, 9, 2.25, 9.25], "texture": "#0"}
			}
		},
		{
			"from": [14, 0, 2],
			"to": [16, 1, 3],
			"rotation": {"angle": 0, "axis": "y", "origin": [14, 0, 2]},
			"faces": {
				"north": {"uv": [9, 7, 9.5, 7.25], "texture": "#0"},
				"east": {"uv": [8.75, 7, 9, 7.25], "texture": "#0"},
				"south": {"uv": [9.75, 7, 10.25, 7.25], "texture": "#0"},
				"west": {"uv": [9.5, 7, 9.75, 7.25], "texture": "#0"},
				"up": {"uv": [9.5, 7, 9, 6.75], "texture": "#0"},
				"down": {"uv": [10, 6.75, 9.5, 7], "texture": "#0"}
			}
		},
		{
			"from": [14, 1, 0],
			"to": [16, 3, 2],
			"rotation": {"angle": 0, "axis": "y", "origin": [14, 1, 0]},
			"faces": {
				"north": {"uv": [9.25, 5.5, 9.75, 6], "texture": "#0"},
				"east": {"uv": [8.75, 5.5, 9.25, 6], "texture": "#0"},
				"south": {"uv": [10.25, 5.5, 10.75, 6], "texture": "#0"},
				"west": {"uv": [9.75, 5.5, 10.25, 6], "texture": "#0"},
				"up": {"uv": [9.75, 5.5, 9.25, 5], "texture": "#0"},
				"down": {"uv": [10.25, 5, 9.75, 5.5], "texture": "#0"}
			}
		},
		{
			"from": [13, -2, 0],
			"to": [15, -1, 2],
			"rotation": {"angle": 0, "axis": "y", "origin": [14, -2, 0]},
			"faces": {
				"north": {"uv": [9.25, 6.5, 9.75, 6.75], "texture": "#0"},
				"east": {"uv": [8.75, 6.5, 9.25, 6.75], "texture": "#0"},
				"south": {"uv": [10.25, 6.5, 10.75, 6.75], "texture": "#0"},
				"west": {"uv": [9.75, 6.5, 10.25, 6.75], "texture": "#0"},
				"up": {"uv": [9.75, 6.5, 9.25, 6], "texture": "#0"},
				"down": {"uv": [10.25, 6, 9.75, 6.5], "texture": "#0"}
			}
		},
		{
			"from": [12, -1, 0],
			"to": [16, 1, 2],
			"rotation": {"angle": 0, "axis": "y", "origin": [14, -1, 0]},
			"faces": {
				"north": {"uv": [2, 7, 3, 7.5], "texture": "#0"},
				"east": {"uv": [1.5, 7, 2, 7.5], "texture": "#0"},
				"south": {"uv": [3.5, 7, 4.5, 7.5], "texture": "#0"},
				"west": {"uv": [3, 7, 3.5, 7.5], "texture": "#0"},
				"up": {"uv": [3, 7, 2, 6.5], "texture": "#0"},
				"down": {"uv": [4, 6.5, 3, 7], "texture": "#0"}
			}
		},
		{
			"from": [0, -11, 1],
			"to": [6, -1, 2],
			"rotation": {"angle": 0, "axis": "y", "origin": [0, -2, 1]},
			"faces": {
				"north": {"uv": [6, 3, 7.5, 5.5], "texture": "#0"},
				"east": {"uv": [5.75, 3, 6, 5.5], "texture": "#0"},
				"south": {"uv": [7.75, 3, 9.25, 5.5], "texture": "#0"},
				"west": {"uv": [7.5, 3, 7.75, 5.5], "texture": "#0"},
				"up": {"uv": [7.5, 3, 6, 2.75], "texture": "#0"},
				"down": {"uv": [9, 2.75, 7.5, 3], "texture": "#0"}
			}
		},
		{
			"from": [2, 0, 1],
			"to": [6, 1, 2],
			"rotation": {"angle": 0, "axis": "y", "origin": [0, -1, 1]},
			"faces": {
				"north": {"uv": [1.75, 8.25, 2.75, 8.5], "texture": "#0"},
				"east": {"uv": [1.5, 8.25, 1.75, 8.5], "texture": "#0"},
				"south": {"uv": [3, 8.25, 4, 8.5], "texture": "#0"},
				"west": {"uv": [2.75, 8.25, 3, 8.5], "texture": "#0"},
				"up": {"uv": [2.75, 8.25, 1.75, 8], "texture": "#0"},
				"down": {"uv": [3.75, 8, 2.75, 8.25], "texture": "#0"}
			}
		},
		{
			"from": [2, -13, 1],
			"to": [6, -12, 2],
			"rotation": {"angle": 0, "axis": "y", "origin": [0, -14, 1]},
			"faces": {
				"north": {"uv": [0.25, 5.25, 1.25, 5.5], "texture": "#0"},
				"east": {"uv": [0, 5.25, 0.25, 5.5], "texture": "#0"},
				"south": {"uv": [1.5, 5.25, 2.5, 5.5], "texture": "#0"},
				"west": {"uv": [1.25, 5.25, 1.5, 5.5], "texture": "#0"},
				"up": {"uv": [1.25, 5.25, 0.25, 5], "texture": "#0"},
				"down": {"uv": [2.25, 5, 1.25, 5.25], "texture": "#0"}
			}
		},
		{
			"from": [1, -1, 1],
			"to": [6, 0, 2],
			"rotation": {"angle": 0, "axis": "y", "origin": [0, -2, 1]},
			"faces": {
				"north": {"uv": [1.75, 7.75, 3, 8], "texture": "#0"},
				"east": {"uv": [1.5, 7.75, 1.75, 8], "texture": "#0"},
				"south": {"uv": [3.25, 7.75, 4.5, 8], "texture": "#0"},
				"west": {"uv": [3, 7.75, 3.25, 8], "texture": "#0"},
				"up": {"uv": [3, 7.75, 1.75, 7.5], "texture": "#0"},
				"down": {"uv": [4.25, 7.5, 3, 7.75], "texture": "#0"}
			}
		},
		{
			"from": [1, -12, 1],
			"to": [6, -11, 2],
			"rotation": {"angle": 0, "axis": "y", "origin": [0, -13, 1]},
			"faces": {
				"north": {"uv": [7.5, 2.5, 8.75, 2.75], "texture": "#0"},
				"east": {"uv": [7.25, 2.5, 7.5, 2.75], "texture": "#0"},
				"south": {"uv": [9, 2.5, 10.25, 2.75], "texture": "#0"},
				"west": {"uv": [8.75, 2.5, 9, 2.75], "texture": "#0"},
				"up": {"uv": [8.75, 2.5, 7.5, 2.25], "texture": "#0"},
				"down": {"uv": [10, 2.25, 8.75, 2.5], "texture": "#0"}
			}
		},
		{
			"from": [6, -2, 1],
			"to": [8, 1, 2],
			"rotation": {"angle": 0, "axis": "y", "origin": [2, -2, 1]},
			"faces": {
				"north": {"uv": [0.25, 9, 0.75, 9.75], "texture": "#0"},
				"east": {"uv": [0, 9, 0.25, 9.75], "texture": "#0"},
				"south": {"uv": [1, 9, 1.5, 9.75], "texture": "#0"},
				"west": {"uv": [0.75, 9, 1, 9.75], "texture": "#0"},
				"up": {"uv": [0.75, 9, 0.25, 8.75], "texture": "#0"},
				"down": {"uv": [1.25, 8.75, 0.75, 9], "texture": "#0"}
			}
		},
		{
			"from": [6, -5, 1],
			"to": [7, -2, 2],
			"rotation": {"angle": 0, "axis": "y", "origin": [2, -4, 1]},
			"faces": {
				"north": {"uv": [1.75, 3.25, 2, 4], "texture": "#0"},
				"east": {"uv": [1.5, 3.25, 1.75, 4], "texture": "#0"},
				"south": {"uv": [2.25, 3.25, 2.5, 4], "texture": "#0"},
				"west": {"uv": [2, 3.25, 2.25, 4], "texture": "#0"},
				"up": {"uv": [2, 3.25, 1.75, 3], "texture": "#0"},
				"down": {"uv": [2.25, 3, 2, 3.25], "texture": "#0"}
			}
		},
		{
			"from": [7, -4, 1],
			"to": [8, -2, 2],
			"rotation": {"angle": 0, "axis": "y", "origin": [3, -4, 1]},
			"faces": {
				"north": {"uv": [3.25, 9.25, 3.5, 9.75], "texture": "#0"},
				"east": {"uv": [3, 9.25, 3.25, 9.75], "texture": "#0"},
				"south": {"uv": [3.75, 9.25, 4, 9.75], "texture": "#0"},
				"west": {"uv": [3.5, 9.25, 3.75, 9.75], "texture": "#0"},
				"up": {"uv": [3.5, 9.25, 3.25, 9], "texture": "#0"},
				"down": {"uv": [3.75, 9, 3.5, 9.25], "texture": "#0"}
			}
		},
		{
			"from": [6, -13, 0],
			"to": [7, -5, 3],
			"rotation": {"angle": 0, "axis": "y", "origin": [1, -2, 1]},
			"faces": {
				"north": {"uv": [14.75, 13.75, 15, 15.75], "texture": "#0"},
				"east": {"uv": [14, 13.75, 14.75, 15.75], "texture": "#0"},
				"south": {"uv": [15.75, 13.75, 16, 15.75], "texture": "#0"},
				"west": {"uv": [15, 13.75, 15.75, 15.75], "texture": "#0"},
				"up": {"uv": [15, 13.75, 14.75, 13], "texture": "#0"},
				"down": {"uv": [15.25, 13, 15, 13.75], "texture": "#0"}
			}
		},
		{
			"from": [7, -6, 0],
			"to": [8, -4, 3],
			"rotation": {"angle": 0, "axis": "y", "origin": [2, -2, 1]},
			"faces": {
				"north": {"uv": [14.75, 15.5, 15, 16], "texture": "#0"},
				"east": {"uv": [14, 15.5, 14.75, 16], "texture": "#0"},
				"south": {"uv": [15.75, 15.5, 16, 16], "texture": "#0"},
				"west": {"uv": [15, 15.5, 15.75, 16], "texture": "#0"},
				"up": {"uv": [15, 15.5, 14.75, 14.75], "texture": "#0"},
				"down": {"uv": [15.25, 14.75, 15, 15.5], "texture": "#0"}
			}
		},
		{
			"from": [8, -5, 0],
			"to": [9, 1, 3],
			"rotation": {"angle": 0, "axis": "y", "origin": [3, 4, 1]},
			"faces": {
				"north": {"uv": [14.75, 14.25, 15, 15.75], "texture": "#0"},
				"east": {"uv": [14, 14.25, 14.75, 15.75], "texture": "#0"},
				"south": {"uv": [15.75, 14.25, 16, 15.75], "texture": "#0"},
				"west": {"uv": [15, 14.25, 15.75, 15.75], "texture": "#0"},
				"up": {"uv": [15, 14.25, 14.75, 13.5], "texture": "#0"},
				"down": {"uv": [15.25, 13.5, 15, 14.25], "texture": "#0"}
			}
		},
		{
			"from": [9, -11, 1],
			"to": [14, -1, 2],
			"rotation": {"angle": 0, "axis": "z", "origin": [13, -6, 1]},
			"faces": {
				"north": {"uv": [6, 6, 7.25, 8.5], "texture": "#0"},
				"east": {"uv": [5.75, 6, 6, 8.5], "texture": "#0"},
				"south": {"uv": [7.5, 6, 8.75, 8.5], "texture": "#0"},
				"west": {"uv": [7.25, 6, 7.5, 8.5], "texture": "#0"},
				"up": {"uv": [7.25, 6, 6, 5.75], "texture": "#0"},
				"down": {"uv": [8.5, 5.75, 7.25, 6], "texture": "#0"}
			}
		},
		{
			"from": [9, -13, 1],
			"to": [12, -12, 2],
			"rotation": {"angle": 0, "axis": "z", "origin": [13, -6, 1]},
			"faces": {
				"north": {"uv": [3.75, 5.25, 4.5, 5.5], "texture": "#0"},
				"east": {"uv": [3.5, 5.25, 3.75, 5.5], "texture": "#0"},
				"south": {"uv": [4.75, 5.25, 5.5, 5.5], "texture": "#0"},
				"west": {"uv": [4.5, 5.25, 4.75, 5.5], "texture": "#0"},
				"up": {"uv": [4.5, 5.25, 3.75, 5], "texture": "#0"},
				"down": {"uv": [5.25, 5, 4.5, 5.25], "texture": "#0"}
			}
		},
		{
			"from": [9, 0, 1],
			"to": [15, 1, 2],
			"rotation": {"angle": 0, "axis": "z", "origin": [13, -6, 1]},
			"faces": {
				"north": {"uv": [1.25, 6.25, 2.75, 6.5], "texture": "#0"},
				"east": {"uv": [1, 6.25, 1.25, 6.5], "texture": "#0"},
				"south": {"uv": [3, 6.25, 4.5, 6.5], "texture": "#0"},
				"west": {"uv": [2.75, 6.25, 3, 6.5], "texture": "#0"},
				"up": {"uv": [2.75, 6.25, 1.25, 6], "texture": "#0"},
				"down": {"uv": [4.25, 6, 2.75, 6.25], "texture": "#0"}
			}
		},
		{
			"from": [9, -12, 1],
			"to": [13, -11, 2],
			"rotation": {"angle": 0, "axis": "z", "origin": [13, -6, 1]},
			"faces": {
				"north": {"uv": [0.25, 4.75, 1.25, 5], "texture": "#0"},
				"east": {"uv": [0, 4.75, 0.25, 5], "texture": "#0"},
				"south": {"uv": [1.5, 4.75, 2.5, 5], "texture": "#0"},
				"west": {"uv": [1.25, 4.75, 1.5, 5], "texture": "#0"},
				"up": {"uv": [1.25, 4.75, 0.25, 4.5], "texture": "#0"},
				"down": {"uv": [2.25, 4.5, 1.25, 4.75], "texture": "#0"}
			}
		},
		{
			"from": [9, -1, 1],
			"to": [16, 0, 2],
			"rotation": {"angle": 0, "axis": "z", "origin": [13, -6, 1]},
			"faces": {
				"north": {"uv": [3.75, 2.25, 5.5, 2.5], "texture": "#0"},
				"east": {"uv": [3.5, 2.25, 3.75, 2.5], "texture": "#0"},
				"south": {"uv": [5.75, 2.25, 7.5, 2.5], "texture": "#0"},
				"west": {"uv": [5.5, 2.25, 5.75, 2.5], "texture": "#0"},
				"up": {"uv": [5.5, 2.25, 3.75, 2], "texture": "#0"},
				"down": {"uv": [7.25, 2, 5.5, 2.25], "texture": "#0"}
			}
		},
		{
			"from": [7, -13, 1],
			"to": [9, -8, 2],
			"rotation": {"angle": 0, "axis": "z", "origin": [12, -6, 1]},
			"faces": {
				"north": {"uv": [0.25, 3.25, 0.75, 4.5], "texture": "#0"},
				"east": {"uv": [0, 3.25, 0.25, 4.5], "texture": "#0"},
				"south": {"uv": [1, 3.25, 1.5, 4.5], "texture": "#0"},
				"west": {"uv": [0.75, 3.25, 1, 4.5], "texture": "#0"},
				"up": {"uv": [0.75, 3.25, 0.25, 3], "texture": "#0"},
				"down": {"uv": [1.25, 3, 0.75, 3.25], "texture": "#0"}
			}
		},
		{
			"from": [8, -8, 1],
			"to": [9, -5, 2],
			"rotation": {"angle": 0, "axis": "z", "origin": [12, -3, 1]},
			"faces": {
				"north": {"uv": [1.75, 0.25, 2, 1], "texture": "#0"},
				"east": {"uv": [1.5, 0.25, 1.75, 1], "texture": "#0"},
				"south": {"uv": [2.25, 0.25, 2.5, 1], "texture": "#0"},
				"west": {"uv": [2, 0.25, 2.25, 1], "texture": "#0"},
				"up": {"uv": [2, 0.25, 1.75, 0], "texture": "#0"},
				"down": {"uv": [2.25, 0, 2, 0.25], "texture": "#0"}
			}
		},
		{
			"from": [7, -8, 1],
			"to": [8, -6, 2],
			"rotation": {"angle": 0, "axis": "z", "origin": [12, -6, 1]},
			"faces": {
				"north": {"uv": [1.75, 1.25, 2, 1.75], "texture": "#0"},
				"east": {"uv": [1.5, 1.25, 1.75, 1.75], "texture": "#0"},
				"south": {"uv": [2.25, 1.25, 2.5, 1.75], "texture": "#0"},
				"west": {"uv": [2, 1.25, 2.25, 1.75], "texture": "#0"},
				"up": {"uv": [2, 1.25, 1.75, 1], "texture": "#0"},
				"down": {"uv": [2.25, 1, 2, 1.25], "texture": "#0"}
			}
		}
	],
	"display": {
		"thirdperson_righthand": {
			"translation": [0, 5, 3],
			"scale": [0.5, 0.5, 0.5]
		},
		"thirdperson_lefthand": {
			"translation": [0, 5, 3],
			"scale": [0.5, 0.5, 0.5]
		},
		"firstperson_righthand": {
			"translation": [-3, 8, 5],
			"scale": [0.5, 0.5, 0.5]
		},
		"firstperson_lefthand": {
			"translation": [-3, 8, 5],
			"scale": [0.5, 0.5, 0.5]
		},
		"ground": {
			"translation": [0, 10, 0],
			"scale": [0.5, 0.5, 0.5]
		},
		"gui": {
			"rotation": [23, -141, 0],
			"translation": [-0.5, 5.25, 0],
			"scale": [0.5, 0.5, 0.5]
		},
		"head": {
			"translation": [1.5, 14, 0.25]
		},
		"fixed": {
			"translation": [0, 10, 0]
		}
	},
	"groups": [
		{
			"name": "angel",
			"origin": [3, 3, 6],
			"color": 0,
			"children": [0, 1, 2, 3, 4, 5, 6, 7]
		},
		{
			"name": "tanduk",
			"origin": [14, -1, -1],
			"color": 0,
			"children": [8, 9, 10, 11, 12, 13, 14, 15, 16, 17, 18, 19, 20, 21, 22, 23, 24, 25, 26, 27, 28, 29, 30, 31, 32, 33, 34]
		},
		{
			"name": "terang",
			"origin": [0, -2, 1],
			"color": 0,
			"children": [35, 36, 37, 38, 39, 40, 41, 42]
		},
		{
			"name": "pembatas",
			"origin": [3, 4, 1],
			"color": 0,
			"children": [43, 44, 45]
		},
		{
			"name": "gelap",
			"origin": [0, -2, 1],
			"color": 0,
			"children": [46, 47, 48, 49, 50, 51, 52, 53]
		}
	]
}