{
	"credit": "EnumXyZB",
	"texture_size": [64, 64],
	"textures": {
		"0": "magiccosmetics:item/matem_mask/texture",
		"particle": "magiccosmetics:item/matem_mask/texture"
	},
	"elements": [
		{
			"from": [5, 0, 4],
			"to": [11, 3, 5],
			"faces": {
				"north": {"uv": [7.25, 0, 8.75, 0.75], "texture": "#0"},
				"east": {"uv": [8.25, 8.5, 8.5, 9.25], "texture": "#0"},
				"south": {"uv": [7.25, 0.75, 8.75, 1.5], "texture": "#0"},
				"west": {"uv": [8.5, 8.5, 8.75, 9.25], "texture": "#0"},
				"up": {"uv": [5.5, 3.25, 4, 3], "texture": "#0"},
				"down": {"uv": [6.25, 7.5, 4.75, 7.75], "texture": "#0"}
			}
		},
		{
			"from": [9.1, 4, 4],
			"to": [10.1, 8, 5],
			"rotation": {"angle": -22.5, "axis": "z", "origin": [0, 0, 0]},
			"faces": {
				"north": {"uv": [6.75, 7.75, 7, 8.75], "texture": "#0"},
				"east": {"uv": [7, 7.75, 7.25, 8.75], "texture": "#0"},
				"south": {"uv": [7.25, 7.75, 7.5, 8.75], "texture": "#0"},
				"west": {"uv": [7.5, 7.75, 7.75, 8.75], "texture": "#0"},
				"up": {"uv": [7.25, 5.75, 7, 5.5], "texture": "#0"},
				"down": {"uv": [9.25, 5, 9, 5.25], "texture": "#0"}
			}
		},
		{
			"from": [-4.9, 9, 4],
			"to": [-3.9, 10.7, 15],
			"rotation": {"angle": -45, "axis": "z", "origin": [0, 0, 0]},
			"faces": {
				"north": {"uv": [8.75, 4.5, 9, 5], "texture": "#0"},
				"east": {"uv": [4, 5.75, 7.25, 6.25], "texture": "#0"},
				"south": {"uv": [8.75, 5, 9, 5.5], "texture": "#0"},
				"west": {"uv": [4, 6.25, 7.25, 6.75], "texture": "#0"},
				"up": {"uv": [2.25, 10.75, 2, 7.5], "texture": "#0"},
				"down": {"uv": [2.5, 7.5, 2.25, 10.75], "texture": "#0"}
			}
		},
		{
			"from": [4.7, -2, 4],
			"to": [5.7, 2, 5],
			"rotation": {"angle": 22.5, "axis": "z", "origin": [0, 0, 0]},
			"faces": {
				"north": {"uv": [7.75, 7.5, 8, 8.5], "texture": "#0"},
				"east": {"uv": [8, 7.5, 8.25, 8.5], "texture": "#0"},
				"south": {"uv": [4, 8.25, 4.25, 9.25], "texture": "#0"},
				"west": {"uv": [4.25, 8.25, 4.5, 9.25], "texture": "#0"},
				"up": {"uv": [9.25, 5.5, 9, 5.25], "texture": "#0"},
				"down": {"uv": [6, 9, 5.75, 9.25], "texture": "#0"}
			}
		},
		{
			"from": [9, 3, 4],
			"to": [11, 4, 5],
			"faces": {
				"north": {"uv": [6.5, 5.5, 7, 5.75], "texture": "#0"},
				"east": {"uv": [6, 9, 6.25, 9.25], "texture": "#0"},
				"south": {"uv": [8.5, 6.25, 9, 6.5], "texture": "#0"},
				"west": {"uv": [6.25, 9, 6.5, 9.25], "texture": "#0"},
				"up": {"uv": [6.25, 9, 5.75, 8.75], "texture": "#0"},
				"down": {"uv": [6.75, 8.75, 6.25, 9], "texture": "#0"}
			}
		},
		{
			"from": [5, 3, 4],
			"to": [7, 4, 5],
			"faces": {
				"north": {"uv": [6.75, 8.75, 7.25, 9], "texture": "#0"},
				"east": {"uv": [9, 6.25, 9.25, 6.5], "texture": "#0"},
				"south": {"uv": [7.25, 8.75, 7.75, 9], "texture": "#0"},
				"west": {"uv": [6.5, 9, 6.75, 9.25], "texture": "#0"},
				"up": {"uv": [9.25, 7.75, 8.75, 7.5], "texture": "#0"},
				"down": {"uv": [9.25, 7.75, 8.75, 8], "texture": "#0"}
			}
		},
		{
			"from": [7, 3, 4],
			"to": [9, 4, 5],
			"faces": {
				"north": {"uv": [8.75, 8, 9.25, 8.25], "texture": "#0"},
				"east": {"uv": [9, 6.5, 9.25, 6.75], "texture": "#0"},
				"south": {"uv": [8.75, 8.25, 9.25, 8.5], "texture": "#0"},
				"west": {"uv": [6.75, 9, 7, 9.25], "texture": "#0"},
				"up": {"uv": [9.25, 8.75, 8.75, 8.5], "texture": "#0"},
				"down": {"uv": [9.25, 8.75, 8.75, 9], "texture": "#0"}
			}
		},
		{
			"from": [3, 2, 4],
			"to": [5, 4, 13],
			"faces": {
				"north": {"uv": [4, 2.75, 4.5, 3.25], "texture": "#0"},
				"east": {"uv": [7.25, 1.5, 9.5, 2], "texture": "#0"},
				"south": {"uv": [8.25, 7.5, 8.75, 8], "texture": "#0"},
				"west": {"uv": [7.25, 2, 9.5, 2.5], "texture": "#0"},
				"up": {"uv": [0.5, 9.75, 0, 7.5], "texture": "#0"},
				"down": {"uv": [1, 7.5, 0.5, 9.75], "texture": "#0"}
			}
		},
		{
			"from": [11, 2, 4],
			"to": [13, 4, 13],
			"faces": {
				"north": {"uv": [8.25, 8, 8.75, 8.5], "texture": "#0"},
				"east": {"uv": [7.25, 2, 9.5, 2.5], "texture": "#0"},
				"south": {"uv": [8.5, 4, 9, 4.5], "texture": "#0"},
				"west": {"uv": [7.25, 5.5, 9.5, 6], "texture": "#0"},
				"up": {"uv": [1.5, 9.75, 1, 7.5], "texture": "#0"},
				"down": {"uv": [1, 7.5, 0.5, 9.75], "texture": "#0"}
			}
		},
		{
			"from": [11, 2, 13],
			"to": [12, 3, 17],
			"faces": {
				"north": {"uv": [9, 6.75, 9.25, 7], "texture": "#0"},
				"east": {"uv": [5.5, 3, 6.5, 3.25], "texture": "#0"},
				"south": {"uv": [7, 9, 7.25, 9.25], "texture": "#0"},
				"west": {"uv": [8, 6.5, 9, 6.75], "texture": "#0"},
				"up": {"uv": [4.75, 9.25, 4.5, 8.25], "texture": "#0"},
				"down": {"uv": [8.75, 4.5, 8.5, 5.5], "texture": "#0"}
			}
		},
		{
			"from": [4, 2, 13],
			"to": [5, 3, 17],
			"faces": {
				"north": {"uv": [9, 7, 9.25, 7.25], "texture": "#0"},
				"east": {"uv": [5.75, 8.5, 6.75, 8.75], "texture": "#0"},
				"south": {"uv": [7.25, 9, 7.5, 9.25], "texture": "#0"},
				"west": {"uv": [8.5, 6, 9.5, 6.25], "texture": "#0"},
				"up": {"uv": [8, 9.5, 7.75, 8.5], "texture": "#0"},
				"down": {"uv": [8.25, 8.5, 8, 9.5], "texture": "#0"}
			}
		},
		{
			"from": [5, 2, 16],
			"to": [11, 3, 17],
			"faces": {
				"north": {"uv": [6.25, 7.5, 7.75, 7.75], "texture": "#0"},
				"east": {"uv": [9, 7.25, 9.25, 7.5], "texture": "#0"},
				"south": {"uv": [7.5, 6.75, 9, 7], "texture": "#0"},
				"west": {"uv": [7.5, 9, 7.75, 9.25], "texture": "#0"},
				"up": {"uv": [9, 7.25, 7.5, 7], "texture": "#0"},
				"down": {"uv": [9, 7.25, 7.5, 7.5], "texture": "#0"}
			}
		},
		{
			"from": [3, 4, 4],
			"to": [4, 10, 15],
			"faces": {
				"north": {"uv": [4.75, 7.75, 5, 9.25], "texture": "#0"},
				"east": {"uv": [0, 3.25, 3.25, 4.75], "texture": "#0"},
				"south": {"uv": [5, 7.75, 5.25, 9.25], "texture": "#0"},
				"west": {"uv": [3.25, 3.25, 6.5, 4.75], "texture": "#0"},
				"up": {"uv": [2.75, 10.75, 2.5, 7.5], "texture": "#0"},
				"down": {"uv": [3, 7.5, 2.75, 10.75], "texture": "#0"}
			}
		},
		{
			"from": [12, 4, 4],
			"to": [13, 10, 15],
			"faces": {
				"north": {"uv": [5.25, 7.75, 5.5, 9.25], "texture": "#0"},
				"east": {"uv": [3.25, 3.25, 6.5, 4.75], "texture": "#0"},
				"south": {"uv": [5.5, 7.75, 5.75, 9.25], "texture": "#0"},
				"west": {"uv": [0, 3.25, 3.25, 4.75], "texture": "#0"},
				"up": {"uv": [3.25, 10.75, 3, 7.5], "texture": "#0"},
				"down": {"uv": [3.5, 7.5, 3.25, 10.75], "texture": "#0"}
			}
		},
		{
			"from": [4, 7, 4],
			"to": [12, 11, 15],
			"faces": {
				"north": {"uv": [0, 5.75, 2, 6.75], "texture": "#0"},
				"east": {"uv": [0, 4.75, 3.25, 5.75], "texture": "#0"},
				"south": {"uv": [2, 5.75, 4, 6.75], "texture": "#0"},
				"west": {"uv": [3.25, 4.75, 6.5, 5.75], "texture": "#0"},
				"up": {"uv": [2, 3.25, 0, 0], "texture": "#0"},
				"down": {"uv": [4, 0, 2, 3.25], "texture": "#0"}
			}
		},
		{
			"from": [4, 4, 14],
			"to": [12, 7, 15],
			"faces": {
				"north": {"uv": [6.5, 4, 8.5, 4.75], "texture": "#0"},
				"east": {"uv": [7.25, 6, 8, 6.75], "texture": "#0"},
				"south": {"uv": [6.5, 4.75, 8.5, 5.5], "texture": "#0"},
				"west": {"uv": [4, 7.5, 4.75, 8.25], "texture": "#0"},
				"up": {"uv": [2, 7.5, 0, 6.75], "texture": "#0"},
				"down": {"uv": [4, 6.75, 2, 7.5], "texture": "#0"}
			}
		},
		{
			"from": [7, 4, 4],
			"to": [9, 7, 5],
			"faces": {
				"north": {"uv": [5.75, 7.75, 6.25, 8.5], "texture": "#0"},
				"east": {"uv": [8.75, 0, 9, 0.75], "texture": "#0"},
				"south": {"uv": [6.25, 7.75, 6.75, 8.5], "texture": "#0"},
				"west": {"uv": [8.75, 0.75, 9, 1.5], "texture": "#0"},
				"up": {"uv": [9.5, 0.25, 9, 0], "texture": "#0"},
				"down": {"uv": [9.5, 0.25, 9, 0.5], "texture": "#0"}
			}
		},
		{
			"from": [5, 3, 5],
			"to": [12, 6, 5],
			"faces": {
				"north": {"uv": [4, 6.75, 5.75, 7.5], "texture": "#0"},
				"east": {"uv": [0, 0, 0, 0.75], "texture": "#0"},
				"south": {"uv": [5.75, 6.75, 7.5, 7.5], "texture": "#0"},
				"west": {"uv": [0, 0, 0, 0.75], "texture": "#0"},
				"up": {"uv": [1.75, 0, 0, 0], "texture": "#0"},
				"down": {"uv": [1.75, 0, 0, 0], "texture": "#0"}
			}
		},
		{
			"from": [9, 6, 5],
			"to": [10, 7, 5],
			"faces": {
				"north": {"uv": [8.75, 9, 9, 9.25], "texture": "#0"},
				"east": {"uv": [0, 0, 0, 0.25], "texture": "#0"},
				"south": {"uv": [9, 9, 9.25, 9.25], "texture": "#0"},
				"west": {"uv": [0, 0, 0, 0.25], "texture": "#0"},
				"up": {"uv": [0.25, 0, 0, 0], "texture": "#0"},
				"down": {"uv": [0.25, 0, 0, 0], "texture": "#0"}
			}
		},
		{
			"from": [4, 3, 5],
			"to": [5, 5, 5],
			"faces": {
				"north": {"uv": [9, 0.5, 9.25, 1], "texture": "#0"},
				"east": {"uv": [0, 0, 0, 0.5], "texture": "#0"},
				"south": {"uv": [9, 1, 9.25, 1.5], "texture": "#0"},
				"west": {"uv": [0, 0, 0, 0.5], "texture": "#0"},
				"up": {"uv": [0.25, 0, 0, 0], "texture": "#0"},
				"down": {"uv": [0.25, 0, 0, 0], "texture": "#0"}
			}
		},
		{
			"from": [15.2, -2.4, 4],
			"to": [16.2, -0.4, 15],
			"rotation": {"angle": 45, "axis": "z", "origin": [0, 0, 0]},
			"faces": {
				"north": {"uv": [9, 4, 9.25, 4.5], "texture": "#0"},
				"east": {"uv": [6.5, 3, 9.75, 3.5], "texture": "#0"},
				"south": {"uv": [9, 4.5, 9.25, 5], "texture": "#0"},
				"west": {"uv": [6.5, 3.5, 9.75, 4], "texture": "#0"},
				"up": {"uv": [3.75, 10.75, 3.5, 7.5], "texture": "#0"},
				"down": {"uv": [4, 7.5, 3.75, 10.75], "texture": "#0"}
			}
		}
	],
	"display": {
		"thirdperson_righthand": {
			"translation": [0, 4, 1.5],
			"scale": [0.70898, 0.69336, 0.52344]
		},
		"thirdperson_lefthand": {
			"translation": [0.5, 4.25, 2],
			"scale": [0.74023, 0.68555, 0.55469]
		},
		"firstperson_righthand": {
			"translation": [0, 3.25, 0]
		},
		"ground": {
			"translation": [0, 5, 0],
			"scale": [1, 1, 0.64258]
		},
		"gui": {
			"rotation": [-180, 9, -180],
			"translation": [0, 2.25, 0],
			"scale": [0.7793, 1, 1]
		},
		"head": {
			"translation": [0, 4, -2.75],
			"scale": [1.69336, 1.56055, 1.48828]
		},
		"fixed": {
			"translation": [0, 1.5, 0]
		}
	},
	"groups": [
		{
			"name": "group",
			"origin": [8, 8, 8],
			"color": 0,
			"children": [0, 1, 2, 3, 4, 5, 6, 7, 8, 9, 10, 11, 12, 13, 14, 15, 16, 17, 18, 19, 20]
		}
	]
}