{
	"credit": "Made with Blockbench",
	"texture_size": [64, 64],
	"textures": {
		"0": "magiccosmetics:item/aspect_demon/demon_aspect",
		"particle": "magiccosmetics:item/aspect_demon/demon_aspect"
	},
	"elements": [
		{
			"from": [12.52532, -2, -2.025],
			"to": [15.52532, 18, 17.975],
			"rotation": {"angle": 0, "axis": "y", "origin": [8, 18.46236, 8]},
			"faces": {
				"north": {"uv": [5, 0, 5.75, 5], "texture": "#0"},
				"east": {"uv": [0, 0, 5, 5], "texture": "#0"},
				"south": {"uv": [5, 5, 5.75, 10], "texture": "#0"},
				"west": {"uv": [0, 5, 5, 10], "texture": "#0"},
				"up": {"uv": [6.5, 5, 5.75, 0], "texture": "#0"},
				"down": {"uv": [6.5, 5, 5.75, 10], "texture": "#0"}
			}
		},
		{
			"from": [7.29703, 15.30188, 12.725],
			"to": [14.79703, 21.30188, 18.725],
			"rotation": {"angle": -22.5, "axis": "z", "origin": [8, 18.46236, 8]},
			"faces": {
				"north": {"uv": [0.875, 1, 4.1875, 4.375], "texture": "#0"},
				"east": {"uv": [0.875, 1, 4.1875, 4.375], "texture": "#0"},
				"south": {"uv": [0.875, 1, 4.1875, 4.375], "texture": "#0"},
				"west": {"uv": [0.875, 1, 4.1875, 4.375], "texture": "#0"},
				"up": {"uv": [0.875, 1, 4.1875, 4.375], "texture": "#0"},
				"down": {"uv": [0.875, 1, 4.1875, 4.375], "texture": "#0"}
			}
		},
		{
			"from": [5.31108, 17.90236, 13.225],
			"to": [10.31108, 24.90236, 18.225],
			"rotation": {"angle": 45, "axis": "z", "origin": [8, 18.46236, 8]},
			"faces": {
				"north": {"uv": [0.875, 1, 4.1875, 4.375], "texture": "#0"},
				"east": {"uv": [0.875, 1, 4.1875, 4.375], "texture": "#0"},
				"south": {"uv": [0.875, 1, 4.1875, 4.375], "texture": "#0"},
				"west": {"uv": [0.875, 1, 4.1875, 4.375], "texture": "#0"},
				"up": {"uv": [0.875, 1, 4.1875, 4.375], "texture": "#0"},
				"down": {"uv": [0.875, 1, 4.1875, 4.375], "texture": "#0"}
			}
		},
		{
			"from": [3.80129, 23.63314, 13.725],
			"to": [7.80129, 28.13314, 17.725],
			"rotation": {"angle": 22.5, "axis": "z", "origin": [8, 18.46236, 8]},
			"faces": {
				"north": {"uv": [0.875, 1, 4.1875, 4.375], "texture": "#0"},
				"east": {"uv": [0.875, 1, 4.1875, 4.375], "texture": "#0"},
				"south": {"uv": [0.875, 1, 4.1875, 4.375], "texture": "#0"},
				"west": {"uv": [0.875, 1, 4.1875, 4.375], "texture": "#0"},
				"up": {"uv": [0.875, 1, 4.1875, 4.375], "texture": "#0"},
				"down": {"uv": [0.875, 1, 4.1875, 4.375], "texture": "#0"}
			}
		},
		{
			"from": [0.72468, 26.04972, 14.525],
			"to": [3.22468, 31.79972, 17.025],
			"rotation": {"angle": 0, "axis": "y", "origin": [8, 18.46236, 8]},
			"faces": {
				"north": {"uv": [0.875, 1, 4.1875, 4.375], "texture": "#0"},
				"east": {"uv": [0.875, 1, 4.1875, 4.375], "texture": "#0"},
				"south": {"uv": [0.875, 1, 4.1875, 4.375], "texture": "#0"},
				"west": {"uv": [0.875, 1, 4.1875, 4.375], "texture": "#0"},
				"up": {"uv": [0.875, 1, 4.1875, 4.375], "texture": "#0"},
				"down": {"uv": [0.875, 1, 4.1875, 4.375], "texture": "#0"}
			}
		},
		{
			"from": [0.72468, 26.04972, -1.025],
			"to": [3.22468, 31.79972, 1.475],
			"rotation": {"angle": 0, "axis": "y", "origin": [8, 18.46236, 8]},
			"faces": {
				"north": {"uv": [0.875, 1, 4.1875, 4.375], "texture": "#0"},
				"east": {"uv": [0.875, 1, 4.1875, 4.375], "texture": "#0"},
				"south": {"uv": [0.875, 1, 4.1875, 4.375], "texture": "#0"},
				"west": {"uv": [0.875, 1, 4.1875, 4.375], "texture": "#0"},
				"up": {"uv": [0.875, 1, 4.1875, 4.375], "texture": "#0"},
				"down": {"uv": [0.875, 1, 4.1875, 4.375], "texture": "#0"}
			}
		},
		{
			"from": [3.80129, 23.63314, -1.725],
			"to": [7.80129, 28.13314, 2.275],
			"rotation": {"angle": 22.5, "axis": "z", "origin": [8, 18.46236, 8]},
			"faces": {
				"north": {"uv": [0.875, 1, 4.1875, 4.375], "texture": "#0"},
				"east": {"uv": [0.875, 1, 4.1875, 4.375], "texture": "#0"},
				"south": {"uv": [0.875, 1, 4.1875, 4.375], "texture": "#0"},
				"west": {"uv": [0.875, 1, 4.1875, 4.375], "texture": "#0"},
				"up": {"uv": [0.875, 1, 4.1875, 4.375], "texture": "#0"},
				"down": {"uv": [0.875, 1, 4.1875, 4.375], "texture": "#0"}
			}
		},
		{
			"from": [5.31108, 17.90236, -2.225],
			"to": [10.31108, 24.90236, 2.775],
			"rotation": {"angle": 45, "axis": "z", "origin": [8, 18.46236, 8]},
			"faces": {
				"north": {"uv": [0.875, 1, 4.1875, 4.375], "texture": "#0"},
				"east": {"uv": [0.875, 1, 4.1875, 4.375], "texture": "#0"},
				"south": {"uv": [0.875, 1, 4.1875, 4.375], "texture": "#0"},
				"west": {"uv": [0.875, 1, 4.1875, 4.375], "texture": "#0"},
				"up": {"uv": [0.875, 1, 4.1875, 4.375], "texture": "#0"},
				"down": {"uv": [0.875, 1, 4.1875, 4.375], "texture": "#0"}
			}
		},
		{
			"from": [7.29703, 15.30188, -2.725],
			"to": [14.79703, 21.30188, 3.275],
			"rotation": {"angle": -22.5, "axis": "z", "origin": [8, 18.46236, 8]},
			"faces": {
				"north": {"uv": [0.875, 1, 4.1875, 4.375], "texture": "#0"},
				"east": {"uv": [0.875, 1, 4.1875, 4.375], "texture": "#0"},
				"south": {"uv": [0.875, 1, 4.1875, 4.375], "texture": "#0"},
				"west": {"uv": [0.875, 1, 4.1875, 4.375], "texture": "#0"},
				"up": {"uv": [0.875, 1, 4.1875, 4.375], "texture": "#0"},
				"down": {"uv": [0.875, 1, 4.1875, 4.375], "texture": "#0"}
			}
		}
	],
	"display": {
		"thirdperson_righthand": {
			"rotation": [138.26, -88.42, 62.26],
			"translation": [0, 1.75, 0.25],
			"scale": [0.25586, 0.25586, 0.25586]
		},
		"thirdperson_lefthand": {
			"rotation": [138.26, -88.42, 62.26],
			"translation": [0, 1.75, 0.25],
			"scale": [0.25586, 0.25586, 0.25586]
		},
		"firstperson_righthand": {
			"rotation": [8.62, 23, -21.28],
			"translation": [0, 4.25, 0],
			"scale": [0.39453, 0.39453, 0.39453]
		},
		"firstperson_lefthand": {
			"rotation": [-175.32, -22.39, -166.51],
			"translation": [0, 4.25, 0],
			"scale": [0.39453, 0.39453, 0.39453]
		},
		"ground": {
			"rotation": [9.07, -4.18, -49.75],
			"translation": [-1, 6.75, 0.25],
			"scale": [0.42188, 0.42188, 0.42188]
		},
		"gui": {
			"rotation": [0, 90, 0],
			"translation": [0, -1.5, 0],
			"scale": [0.33008, 0.33008, 0.33008]
		},
		"head": {
			"rotation": [0, -90, 0],
			"translation": [0, 0, -10.75],
			"scale": [0.73438, 0.73438, 0.73438]
		},
		"fixed": {
			"rotation": [0, -90, 0],
			"translation": [0, 0, -8.25],
			"scale": [1.30859, 1.30859, 1.30859]
		}
	}
}