{
	"credit": "Made with Blockbench",
	"texture_size": [64, 64],
	"textures": {
		"0": "magiccosmetics:item/gempita/main",
		"1": "magiccosmetics:item/gempita/tali",
		"particle": "magiccosmetics:item/gempita/main"
	},
	"elements": [
		{
			"from": [2, 2, 7],
			"to": [14, 4, 7],
			"rotation": {"angle": 0, "axis": "y", "origin": [8, 9, 8]},
			"faces": {
				"north": {"uv": [0, 4, 3, 4.5], "texture": "#0"},
				"east": {"uv": [0, 0, 0, 0.5], "texture": "#0"},
				"south": {"uv": [4, 0, 7, 0.5], "texture": "#0"},
				"west": {"uv": [0, 0, 0, 0.5], "texture": "#0"},
				"up": {"uv": [3, 0, 0, 0], "texture": "#0"},
				"down": {"uv": [3, 0, 0, 0], "texture": "#0"}
			}
		},
		{
			"from": [2, 2, 9],
			"to": [14, 4, 9],
			"rotation": {"angle": 0, "axis": "y", "origin": [8, 9, 8]},
			"faces": {
				"north": {"uv": [4, 0.5, 7, 1], "texture": "#0"},
				"east": {"uv": [0, 0, 0, 0.5], "texture": "#0"},
				"south": {"uv": [4, 1, 7, 1.5], "texture": "#0"},
				"west": {"uv": [0, 0, 0, 0.5], "texture": "#0"},
				"up": {"uv": [3, 0, 0, 0], "texture": "#0"},
				"down": {"uv": [3, 0, 0, 0], "texture": "#0"}
			}
		},
		{
			"from": [2, 8, 9],
			"to": [14, 10, 9],
			"rotation": {"angle": 0, "axis": "y", "origin": [8, 9, 8]},
			"faces": {
				"north": {"uv": [4, 1.5, 7, 2], "texture": "#0"},
				"east": {"uv": [0, 0, 0, 0.5], "texture": "#0"},
				"south": {"uv": [4, 2, 7, 2.5], "texture": "#0"},
				"west": {"uv": [0, 0, 0, 0.5], "texture": "#0"},
				"up": {"uv": [3, 0, 0, 0], "texture": "#0"},
				"down": {"uv": [3, 0, 0, 0], "texture": "#0"}
			}
		},
		{
			"from": [10, 8, 7.5],
			"to": [14.5, 10, 7.75],
			"rotation": {"angle": 0, "axis": "y", "origin": [8, 9, 8]},
			"faces": {
				"north": {"uv": [7.5, 1.75, 8.75, 2.25], "texture": "#0"},
				"east": {"uv": [1.25, 6.5, 1.5, 7], "texture": "#0"},
				"south": {"uv": [7.5, 2.25, 8.75, 2.75], "texture": "#0"},
				"west": {"uv": [5.75, 7, 6, 7.5], "texture": "#0"},
				"up": {"uv": [10.75, 1.25, 9.5, 1], "texture": "#0"},
				"down": {"uv": [10.75, 1.25, 9.5, 1.5], "texture": "#0"}
			}
		},
		{
			"from": [1.5, 8, 7.5],
			"to": [6, 10, 7.75],
			"rotation": {"angle": 0, "axis": "y", "origin": [8, 9, 8]},
			"faces": {
				"north": {"uv": [7.5, 2.75, 8.75, 3.25], "texture": "#0"},
				"east": {"uv": [1, 7.5, 1.25, 8], "texture": "#0"},
				"south": {"uv": [7.5, 3.25, 8.75, 3.75], "texture": "#0"},
				"west": {"uv": [5.75, 7.5, 6, 8], "texture": "#0"},
				"up": {"uv": [10.75, 4.5, 9.5, 4.25], "texture": "#0"},
				"down": {"uv": [10.75, 4.5, 9.5, 4.75], "texture": "#0"}
			}
		},
		{
			"from": [14, 2, 7],
			"to": [16, 4, 9],
			"rotation": {"angle": 0, "axis": "y", "origin": [8, 9, 8]},
			"faces": {
				"north": {"uv": [2.5, 5.5, 3, 6], "texture": "#0"},
				"east": {"uv": [4.75, 9.5, 5.25, 10], "texture": "#0"},
				"south": {"uv": [9.5, 4.75, 10, 5.25], "texture": "#0"},
				"west": {"uv": [5.25, 9.5, 5.75, 10], "texture": "#0"},
				"up": {"uv": [6.25, 10, 5.75, 9.5], "texture": "#0"},
				"down": {"uv": [6.75, 9.5, 6.25, 10], "texture": "#0"}
			}
		},
		{
			"from": [14, 8, 7],
			"to": [16, 12, 9],
			"rotation": {"angle": 0, "axis": "y", "origin": [8, 9, 8]},
			"faces": {
				"north": {"uv": [5.25, 7, 5.75, 8], "texture": "#0"},
				"east": {"uv": [2.75, 7.5, 3.25, 8.5], "texture": "#0"},
				"south": {"uv": [3.25, 7.5, 3.75, 8.5], "texture": "#0"},
				"west": {"uv": [5.25, 8, 5.75, 9], "texture": "#0"},
				"up": {"uv": [7.25, 10, 6.75, 9.5], "texture": "#0"},
				"down": {"uv": [10.25, 1.5, 9.75, 2], "texture": "#0"}
			}
		},
		{
			"from": [0, 12, 7],
			"to": [16, 14, 9],
			"rotation": {"angle": 0, "axis": "y", "origin": [8, 9, 8]},
			"faces": {
				"north": {"uv": [0, 0, 4, 0.5], "texture": "#0"},
				"east": {"uv": [9.75, 2, 10.25, 2.5], "texture": "#0"},
				"south": {"uv": [0, 0.5, 4, 1], "texture": "#0"},
				"west": {"uv": [9.75, 2.5, 10.25, 3], "texture": "#0"},
				"up": {"uv": [4, 1.5, 0, 1], "texture": "#0"},
				"down": {"uv": [4, 1.5, 0, 2], "texture": "#0"}
			}
		},
		{
			"from": [11.87968, 13.70811, 7.001],
			"to": [15.87768, 15.70611, 8.999],
			"rotation": {"angle": -45, "axis": "z", "origin": [13.87868, 14.70711, 8]},
			"faces": {
				"north": {"uv": [8.5, 4.75, 9.5, 5.25], "texture": "#0"},
				"east": {"uv": [5.75, 10, 6.25, 10.5], "texture": "#0"},
				"south": {"uv": [6.75, 8.5, 7.75, 9], "texture": "#0"},
				"west": {"uv": [6.25, 10, 6.75, 10.5], "texture": "#0"},
				"up": {"uv": [9.75, 2, 8.75, 1.5], "texture": "#0"},
				"down": {"uv": [9.75, 2, 8.75, 2.5], "texture": "#0"}
			}
		},
		{
			"from": [0.12232, 13.70811, 7.001],
			"to": [4.12032, 15.70611, 8.999],
			"rotation": {"angle": 45, "axis": "z", "origin": [2.12132, 14.70711, 8]},
			"faces": {
				"north": {"uv": [8.75, 2.5, 9.75, 3], "texture": "#0"},
				"east": {"uv": [6.75, 10, 7.25, 10.5], "texture": "#0"},
				"south": {"uv": [8.75, 3, 9.75, 3.5], "texture": "#0"},
				"west": {"uv": [7.25, 10, 7.75, 10.5], "texture": "#0"},
				"up": {"uv": [9.75, 5.75, 8.75, 5.25], "texture": "#0"},
				"down": {"uv": [9.75, 5.75, 8.75, 6.25], "texture": "#0"}
			}
		},
		{
			"from": [0.23144, 1.15951, 7.001],
			"to": [4.22944, 3.15751, 8.999],
			"rotation": {"angle": -22.5, "axis": "z", "origin": [2.23044, 2.15851, 8]},
			"faces": {
				"north": {"uv": [8.75, 7, 9.75, 7.5], "texture": "#0"},
				"east": {"uv": [10, 9.75, 10.5, 10.25], "texture": "#0"},
				"south": {"uv": [8.75, 7.5, 9.75, 8], "texture": "#0"},
				"west": {"uv": [0, 10.25, 0.5, 10.75], "texture": "#0"},
				"up": {"uv": [9.75, 8.5, 8.75, 8], "texture": "#0"},
				"down": {"uv": [9.75, 8.5, 8.75, 9], "texture": "#0"}
			}
		},
		{
			"from": [11.77056, 1.15951, 7.001],
			"to": [15.76856, 3.15751, 8.999],
			"rotation": {"angle": 22.5, "axis": "z", "origin": [13.76956, 2.15851, 8]},
			"faces": {
				"north": {"uv": [9, 0, 10, 0.5], "texture": "#0"},
				"east": {"uv": [0.5, 10.25, 1, 10.75], "texture": "#0"},
				"south": {"uv": [9, 0.5, 10, 1], "texture": "#0"},
				"west": {"uv": [1, 10.25, 1.5, 10.75], "texture": "#0"},
				"up": {"uv": [4.75, 9.5, 3.75, 9], "texture": "#0"},
				"down": {"uv": [5.75, 9, 4.75, 9.5], "texture": "#0"}
			}
		},
		{
			"from": [0, 8, 7],
			"to": [2, 12, 9],
			"rotation": {"angle": 0, "axis": "y", "origin": [8, 9, 8]},
			"faces": {
				"north": {"uv": [1.75, 8.25, 2.25, 9.25], "texture": "#0"},
				"east": {"uv": [2.25, 8.25, 2.75, 9.25], "texture": "#0"},
				"south": {"uv": [8.25, 5.5, 8.75, 6.5], "texture": "#0"},
				"west": {"uv": [8.25, 7, 8.75, 8], "texture": "#0"},
				"up": {"uv": [10.25, 3.5, 9.75, 3], "texture": "#0"},
				"down": {"uv": [10.25, 3.5, 9.75, 4], "texture": "#0"}
			}
		},
		{
			"from": [0, 2, 7],
			"to": [2, 4, 9],
			"rotation": {"angle": 0, "axis": "y", "origin": [8, 9, 8]},
			"faces": {
				"north": {"uv": [9.75, 5.25, 10.25, 5.75], "texture": "#0"},
				"east": {"uv": [9.75, 5.75, 10.25, 6.25], "texture": "#0"},
				"south": {"uv": [9.75, 6.25, 10.25, 6.75], "texture": "#0"},
				"west": {"uv": [9.75, 6.75, 10.25, 7.25], "texture": "#0"},
				"up": {"uv": [10.25, 7.75, 9.75, 7.25], "texture": "#0"},
				"down": {"uv": [10.25, 7.75, 9.75, 8.25], "texture": "#0"}
			}
		},
		{
			"from": [9.81802, 8.06066, 7.25],
			"to": [14.31802, 12.06066, 8.75],
			"rotation": {"angle": 0, "axis": "z", "origin": [9.81802, 10.06066, 8]},
			"faces": {
				"north": {"uv": [2.5, 6, 3.75, 7], "texture": "#0"},
				"east": {"uv": [8.25, 8, 8.75, 9], "texture": "#0"},
				"south": {"uv": [3.75, 6, 5, 7], "texture": "#0"},
				"west": {"uv": [0, 8.5, 0.5, 9.5], "texture": "#0"},
				"up": {"uv": [8.25, 8, 7, 7.5], "texture": "#0"},
				"down": {"uv": [9.25, 3.75, 8, 4.25], "texture": "#0"}
			}
		},
		{
			"from": [13.81902, 8.56166, 7.001],
			"to": [15.31702, 11.05966, 8.499],
			"rotation": {"angle": -45, "axis": "z", "origin": [12.06802, 10.06066, 8]},
			"faces": {
				"north": {"uv": [7.75, 8.5, 8.25, 9.25], "texture": "#0"},
				"east": {"uv": [8.25, 9, 8.75, 9.75], "texture": "#0"},
				"south": {"uv": [8.75, 9, 9.25, 9.75], "texture": "#0"},
				"west": {"uv": [1.75, 9.25, 2.25, 10], "texture": "#0"},
				"up": {"uv": [10, 10.25, 9.5, 9.75], "texture": "#0"},
				"down": {"uv": [10.5, 0, 10, 0.5], "texture": "#0"}
			}
		},
		{
			"from": [10.06902, 7.31166, 7.001],
			"to": [11.56702, 10.30966, 8.499],
			"rotation": {"angle": -45, "axis": "z", "origin": [12.06802, 10.06066, 8]},
			"faces": {
				"north": {"uv": [2.25, 9.25, 2.75, 10], "texture": "#0"},
				"east": {"uv": [9.25, 3.5, 9.75, 4.25], "texture": "#0"},
				"south": {"uv": [9.25, 6.25, 9.75, 7], "texture": "#0"},
				"west": {"uv": [7.5, 9.25, 8, 10], "texture": "#0"},
				"up": {"uv": [10.5, 1, 10, 0.5], "texture": "#0"},
				"down": {"uv": [2, 10, 1.5, 10.5], "texture": "#0"}
			}
		},
		{
			"from": [0.68298, 8.56166, 7.001],
			"to": [2.18098, 11.05966, 8.499],
			"rotation": {"angle": 45, "axis": "z", "origin": [3.93198, 10.06066, 8]},
			"faces": {
				"north": {"uv": [2.75, 9.5, 3.25, 10.25], "texture": "#0"},
				"east": {"uv": [3.25, 9.5, 3.75, 10.25], "texture": "#0"},
				"south": {"uv": [3.75, 9.5, 4.25, 10.25], "texture": "#0"},
				"west": {"uv": [4.25, 9.5, 4.75, 10.25], "texture": "#0"},
				"up": {"uv": [10.5, 5.25, 10, 4.75], "texture": "#0"},
				"down": {"uv": [5.75, 10, 5.25, 10.5], "texture": "#0"}
			}
		},
		{
			"from": [4.43298, 7.31166, 7.001],
			"to": [5.93098, 10.30966, 8.499],
			"rotation": {"angle": 45, "axis": "z", "origin": [3.93198, 10.06066, 8]},
			"faces": {
				"north": {"uv": [9.25, 9, 9.75, 9.75], "texture": "#0"},
				"east": {"uv": [0, 9.5, 0.5, 10.25], "texture": "#0"},
				"south": {"uv": [0.5, 9.5, 1, 10.25], "texture": "#0"},
				"west": {"uv": [1, 9.5, 1.5, 10.25], "texture": "#0"},
				"up": {"uv": [2.5, 10.5, 2, 10], "texture": "#0"},
				"down": {"uv": [5.25, 10, 4.75, 10.5], "texture": "#0"}
			}
		},
		{
			"from": [1.56802, 8.06066, 7.25],
			"to": [6.06802, 12.06066, 8.75],
			"rotation": {"angle": 0, "axis": "z", "origin": [9.81802, 10.06066, 8]},
			"faces": {
				"north": {"uv": [6, 5.5, 7.25, 6.5], "texture": "#0"},
				"east": {"uv": [8.5, 0, 9, 1], "texture": "#0"},
				"south": {"uv": [0, 6.5, 1.25, 7.5], "texture": "#0"},
				"west": {"uv": [0.5, 8.5, 1, 9.5], "texture": "#0"},
				"up": {"uv": [9.25, 7, 8, 6.5], "texture": "#0"},
				"down": {"uv": [8.25, 8, 7, 8.5], "texture": "#0"}
			}
		},
		{
			"from": [8, 4, 7],
			"to": [16, 8, 9],
			"rotation": {"angle": 0, "axis": "z", "origin": [15, 12, 8]},
			"faces": {
				"north": {"uv": [0, 3, 2, 4], "texture": "#0"},
				"east": {"uv": [5.75, 8.5, 6.25, 9.5], "texture": "#0"},
				"south": {"uv": [2, 3, 4, 4], "texture": "#0"},
				"west": {"uv": [6.25, 8.5, 6.75, 9.5], "texture": "#0"},
				"up": {"uv": [8.5, 5.5, 6.5, 5], "texture": "#0"},
				"down": {"uv": [3.75, 7, 1.75, 7.5], "texture": "#0"}
			}
		},
		{
			"from": [2, 10, 7],
			"to": [14, 12, 9],
			"rotation": {"angle": 0, "axis": "z", "origin": [1, 12, 8]},
			"faces": {
				"north": {"uv": [4, 2.5, 7, 3], "texture": "#0"},
				"east": {"uv": [8, 9.75, 8.5, 10.25], "texture": "#0"},
				"south": {"uv": [3, 4, 6, 4.5], "texture": "#0"},
				"west": {"uv": [9.75, 8.25, 10.25, 8.75], "texture": "#0"},
				"up": {"uv": [7, 3.5, 4, 3], "texture": "#0"},
				"down": {"uv": [7, 3.5, 4, 4], "texture": "#0"}
			}
		},
		{
			"from": [0, 4, 7],
			"to": [8, 8, 9],
			"rotation": {"angle": 0, "axis": "z", "origin": [1, 12, 8]},
			"faces": {
				"north": {"uv": [0, 2, 2, 3], "texture": "#0"},
				"east": {"uv": [2.75, 8.5, 3.25, 9.5], "texture": "#0"},
				"south": {"uv": [2, 2, 4, 3], "texture": "#0"},
				"west": {"uv": [3.25, 8.5, 3.75, 9.5], "texture": "#0"},
				"up": {"uv": [8, 4.5, 6, 4], "texture": "#0"},
				"down": {"uv": [8.5, 4.5, 6.5, 5], "texture": "#0"}
			}
		},
		{
			"from": [16, 4, 7],
			"to": [18, 12, 9],
			"rotation": {"angle": 0, "axis": "y", "origin": [8, 9, 8]},
			"faces": {
				"north": {"uv": [6, 6.5, 6.5, 8.5], "texture": "#0"},
				"east": {"uv": [6.5, 6.5, 7, 8.5], "texture": "#0"},
				"south": {"uv": [7, 0, 7.5, 2], "texture": "#0"},
				"west": {"uv": [1.25, 7, 1.75, 9], "texture": "#0"},
				"up": {"uv": [9, 10.25, 8.5, 9.75], "texture": "#0"},
				"down": {"uv": [10.25, 8.75, 9.75, 9.25], "texture": "#0"}
			}
		},
		{
			"from": [-2, 4, 7],
			"to": [0, 12, 9],
			"rotation": {"angle": 0, "axis": "y", "origin": [8, 9, 8]},
			"faces": {
				"north": {"uv": [7, 2, 7.5, 4], "texture": "#0"},
				"east": {"uv": [3.75, 7, 4.25, 9], "texture": "#0"},
				"south": {"uv": [4.25, 7, 4.75, 9], "texture": "#0"},
				"west": {"uv": [4.75, 7, 5.25, 9], "texture": "#0"},
				"up": {"uv": [9.5, 10.25, 9, 9.75], "texture": "#0"},
				"down": {"uv": [10.25, 9.25, 9.75, 9.75], "texture": "#0"}
			}
		},
		{
			"from": [6, 4, 1],
			"to": [10, 8, 7],
			"rotation": {"angle": 0, "axis": "y", "origin": [8, 1, 8]},
			"faces": {
				"north": {"uv": [7, 6.5, 8, 7.5], "texture": "#0"},
				"east": {"uv": [0, 4.5, 1.5, 5.5], "texture": "#0"},
				"south": {"uv": [7.25, 5.5, 8.25, 6.5], "texture": "#0"},
				"west": {"uv": [1.5, 4.5, 3, 5.5], "texture": "#0"},
				"up": {"uv": [4, 6, 3, 4.5], "texture": "#0"},
				"down": {"uv": [5, 4.5, 4, 6], "texture": "#0"}
			}
		},
		{
			"from": [6.001, 4.91653, -2.39634],
			"to": [9.999, 8.91453, 3.60166],
			"rotation": {"angle": -22.5, "axis": "x", "origin": [8, 1.91553, 4.60266]},
			"faces": {
				"north": {"uv": [0, 7.5, 1, 8.5], "texture": "#0"},
				"east": {"uv": [5, 4.5, 6.5, 5.5], "texture": "#0"},
				"south": {"uv": [7.5, 0, 8.5, 1], "texture": "#0"},
				"west": {"uv": [0, 5.5, 1.5, 6.5], "texture": "#0"},
				"up": {"uv": [2.5, 7, 1.5, 5.5], "texture": "#0"},
				"down": {"uv": [6, 5.5, 5, 7], "texture": "#0"}
			}
		},
		{
			"from": [6, 8, 7],
			"to": [10, 10, 8.75],
			"rotation": {"angle": 0, "axis": "x", "origin": [8, 9, 8]},
			"faces": {
				"north": {"uv": [8.5, 1, 9.5, 1.5], "texture": "#0"},
				"east": {"uv": [1, 9, 1.75, 9.5], "texture": "#0"},
				"south": {"uv": [8.5, 4.25, 9.5, 4.75], "texture": "#0"},
				"west": {"uv": [6.75, 9, 7.5, 9.5], "texture": "#0"},
				"up": {"uv": [8.5, 1.75, 7.5, 1], "texture": "#0"},
				"down": {"uv": [2.75, 7.5, 1.75, 8.25], "texture": "#0"}
			}
		},
		{
			"from": [0.25, 6.25, 9],
			"to": [1.25, 8.25, 25],
			"rotation": {"angle": 0, "axis": "y", "origin": [0.25, 1.25, 0]},
			"faces": {
				"north": {"uv": [7.5, 11.5, 7.75, 12], "texture": "#1"},
				"east": {"uv": [4, 1, 8, 1.5], "texture": "#1"},
				"south": {"uv": [11.5, 7.5, 11.75, 8], "texture": "#1"},
				"west": {"uv": [4, 1.5, 8, 2], "texture": "#1"},
				"up": {"uv": [3.75, 12.5, 3.5, 8.5], "texture": "#1"},
				"down": {"uv": [4, 8.5, 3.75, 12.5], "texture": "#1"}
			}
		},
		{
			"from": [14.75, 6.25, 9],
			"to": [15.75, 8.25, 25],
			"rotation": {"angle": 0, "axis": "y", "origin": [15.75, 1.25, 0]},
			"faces": {
				"north": {"uv": [11.5, 8, 11.75, 8.5], "texture": "#1"},
				"east": {"uv": [2, 4, 6, 4.5], "texture": "#1"},
				"south": {"uv": [8.25, 11.5, 8.5, 12], "texture": "#1"},
				"west": {"uv": [4, 2, 8, 2.5], "texture": "#1"},
				"up": {"uv": [1.75, 13, 1.5, 9], "texture": "#1"},
				"down": {"uv": [2, 9, 1.75, 13], "texture": "#1"}
			}
		},
		{
			"from": [0.25, 6.25, 24],
			"to": [15.2, 8.25, 25],
			"rotation": {"angle": 0, "axis": "y", "origin": [8, 4.25, 25.5]},
			"faces": {
				"north": {"uv": [9.75, 3, 10.75, 3.5], "texture": "#1"},
				"east": {"uv": [8.5, 11.5, 8.75, 12], "texture": "#1"},
				"south": {"uv": [10.75, 1, 11.75, 1.5], "texture": "#1"},
				"west": {"uv": [8.75, 11.5, 9, 12], "texture": "#1"},
				"up": {"uv": [1, 11.75, 0, 11.5], "texture": "#1"},
				"down": {"uv": [3.5, 11.5, 2.5, 11.75], "texture": "#1"}
			}
		},
		{
			"from": [12, 6.25, 24],
			"to": [15.75, 8.25, 25],
			"rotation": {"angle": 0, "axis": "y", "origin": [8, 4.25, 25.5]},
			"faces": {
				"north": {"uv": [10.75, 10.5, 11.75, 11], "texture": "#1"},
				"east": {"uv": [10.5, 11.5, 10.75, 12], "texture": "#1"},
				"south": {"uv": [0, 11, 1, 11.5], "texture": "#1"},
				"west": {"uv": [10.75, 11.5, 11, 12], "texture": "#1"},
				"up": {"uv": [5, 11.75, 4, 11.5], "texture": "#1"},
				"down": {"uv": [12.5, 6, 11.5, 6.25], "texture": "#1"}
			}
		}
	],
	"display": {
		"thirdperson_righthand": {
			"rotation": [76.37, -25.63, -2.87],
			"translation": [1.5, 0.5, 2],
			"scale": [0.39844, 0.39844, 0.39844]
		},
		"thirdperson_lefthand": {
			"rotation": [76.37, -25.63, -2.87],
			"translation": [1.5, 0.5, 2],
			"scale": [0.39844, 0.39844, 0.39844]
		},
		"firstperson_righthand": {
			"rotation": [162.11, 52.75, -166.71],
			"translation": [1.5, 5, -1.5],
			"scale": [0.46875, 0.46875, 0.46875]
		},
		"firstperson_lefthand": {
			"rotation": [162.11, 52.75, -166.71],
			"translation": [1.5, 5, -1.5],
			"scale": [0.46875, 0.46875, 0.46875]
		},
		"ground": {
			"rotation": [30.96, -0.53, -1.95],
			"translation": [0, 10, -5.25],
			"scale": [0.68555, 0.68555, 0.68555]
		},
		"gui": {
			"rotation": [-154.82, 47.29, 179.22],
			"translation": [-2.25, 0.5, 0],
			"scale": [0.54922, 0.54922, 0.54922]
		},
		"head": {
			"translation": [0, -0.25, -7.25],
			"scale": [0.91992, 0.91992, 0.84961]
		},
		"fixed": {
			"translation": [0, 0, -1.5],
			"scale": [1.33008, 1.33008, 1.33008]
		}
	},
	"groups": [
		{
			"name": "group",
			"origin": [15.5, 4.25, 11.25],
			"color": 0,
			"children": [0, 1, 2, 3, 4, 5, 6, 7, 8, 9, 10, 11, 12, 13, 14, 15, 16, 17, 18, 19, 20, 21, 22, 23, 24, 25, 26, 27]
		},
		{
			"name": "group",
			"origin": [15.5, 6.25, 11.25],
			"color": 0,
			"children": [28, 29, 30, 31]
		}
	]
}