{
	"credit": "Made with Blockbench",
	"texture_size": [64, 64],
	"textures": {
		"0": "magiccosmetics:item/george/george",
		"particle": "magiccosmetics:item/george/george"
	},
	"elements": [
		{
			"from": [1, -2, 0],
			"to": [12, 15, 2],
			"faces": {
				"north": {"uv": [0, 0, 3, 3.75], "texture": "#0"},
				"east": {"uv": [0, 3.75, 0.5, 7.5], "texture": "#0"},
				"south": {"uv": [2.75, 0, 5.5, 3.75], "texture": "#0"},
				"west": {"uv": [0.5, 3.75, 1, 7.5], "texture": "#0"},
				"up": {"uv": [7.75, 4.25, 5, 3.75], "texture": "#0"},
				"down": {"uv": [7.75, 4.25, 5, 4.75], "texture": "#0"}
			}
		},
		{
			"from": [2, 15, 0],
			"to": [11, 17, 2],
			"rotation": {"angle": 22.5, "axis": "x", "origin": [0, 15, 0]},
			"faces": {
				"north": {"uv": [5, 4.75, 7.25, 5.25], "texture": "#0"},
				"east": {"uv": [7, 6, 7.5, 6.5], "texture": "#0"},
				"south": {"uv": [5, 5.25, 7.25, 5.75], "texture": "#0"},
				"west": {"uv": [7, 6.5, 7.5, 7], "texture": "#0"},
				"up": {"uv": [7.75, 0.5, 5.5, 0], "texture": "#0"},
				"down": {"uv": [7.75, 0.5, 5.5, 1], "texture": "#0"}
			}
		},
		{
			"from": [2, -4, 1],
			"to": [11, -2, 3],
			"rotation": {"angle": -22.5, "axis": "x", "origin": [0, -4, 1]},
			"faces": {
				"north": {"uv": [5.5, 1, 7.75, 1.5], "texture": "#0"},
				"east": {"uv": [7, 7, 7.5, 7.5], "texture": "#0"},
				"south": {"uv": [5.5, 1.5, 7.75, 2], "texture": "#0"},
				"west": {"uv": [7.25, 3, 7.75, 3.5], "texture": "#0"},
				"up": {"uv": [7.75, 2.5, 5.5, 2], "texture": "#0"},
				"down": {"uv": [7.75, 2.5, 5.5, 3], "texture": "#0"}
			}
		},
		{
			"from": [3, -5, 2],
			"to": [10, -3, 3],
			"rotation": {"angle": -22.5, "axis": "x", "origin": [0, -5, 2]},
			"faces": {
				"north": {"uv": [5.5, 3, 7.25, 3.5], "texture": "#0"},
				"east": {"uv": [4.75, 7, 5, 7.5], "texture": "#0"},
				"south": {"uv": [3, 7, 4.75, 7.5], "texture": "#0"},
				"west": {"uv": [7.5, 6, 7.75, 6.5], "texture": "#0"},
				"up": {"uv": [7.25, 3.75, 5.5, 3.5], "texture": "#0"},
				"down": {"uv": [8.75, 5.75, 7, 6], "texture": "#0"}
			}
		},
		{
			"from": [4, -6, 3],
			"to": [9, -4, 4],
			"rotation": {"angle": -22.5, "axis": "x", "origin": [0, -6, 3]},
			"faces": {
				"north": {"uv": [5.75, 11, 8, 10.75], "texture": "#0"},
				"east": {"uv": [4.75, 7, 5, 7.5], "texture": "#0"},
				"south": {"uv": [3, 7, 4.75, 7.5], "texture": "#0"},
				"west": {"uv": [7.5, 6, 7.75, 6.5], "texture": "#0"},
				"up": {"uv": [7.25, 3.75, 5.5, 3.5], "texture": "#0"},
				"down": {"uv": [8.75, 5.75, 7, 6], "texture": "#0"}
			}
		},
		{
			"from": [-1, -1, 1],
			"to": [1, 14, 3],
			"rotation": {"angle": 22.5, "axis": "y", "origin": [-1, 0, 1]},
			"faces": {
				"north": {"uv": [1, 3.75, 1.5, 7], "texture": "#0"},
				"east": {"uv": [1.5, 3.75, 2, 7], "texture": "#0"},
				"south": {"uv": [2, 3.75, 2.5, 7], "texture": "#0"},
				"west": {"uv": [2.5, 3.75, 3, 7], "texture": "#0"},
				"up": {"uv": [7.75, 5.25, 7.25, 4.75], "texture": "#0"},
				"down": {"uv": [7.75, 5.25, 7.25, 5.75], "texture": "#0"}
			}
		},
		{
			"from": [-3, 2, 2],
			"to": [0, 12, 4],
			"rotation": {"angle": 22.5, "axis": "y", "origin": [-2, 0, 2]},
			"faces": {
				"north": {"uv": [1, 3.75, 1.5, 7], "texture": "#0"},
				"east": {"uv": [1.5, 3.75, 2, 7], "texture": "#0"},
				"south": {"uv": [2, 3.75, 2.5, 7], "texture": "#0"},
				"west": {"uv": [2.5, 3.75, 3, 7], "texture": "#0"},
				"up": {"uv": [7.75, 5.25, 7.25, 4.75], "texture": "#0"},
				"down": {"uv": [7.75, 5.25, 7.25, 5.75], "texture": "#0"}
			}
		},
		{
			"from": [12, -1, 0],
			"to": [14, 14, 2],
			"rotation": {"angle": -22.5, "axis": "y", "origin": [11, 0, 0]},
			"faces": {
				"north": {"uv": [3, 3.75, 3.5, 7], "texture": "#0"},
				"east": {"uv": [3.5, 3.75, 4, 7], "texture": "#0"},
				"south": {"uv": [4, 3.75, 4.5, 7], "texture": "#0"},
				"west": {"uv": [4.5, 3.75, 5, 7], "texture": "#0"},
				"up": {"uv": [3.5, 8, 3, 7.5], "texture": "#0"},
				"down": {"uv": [4, 7.5, 3.5, 8], "texture": "#0"}
			}
		},
		{
			"from": [13, 1, 1],
			"to": [16, 12, 3],
			"rotation": {"angle": -22.5, "axis": "y", "origin": [13, 0, 1]},
			"faces": {
				"north": {"uv": [3, 3.75, 3.5, 7], "texture": "#0"},
				"east": {"uv": [3.5, 3.75, 4, 7], "texture": "#0"},
				"south": {"uv": [4, 3.75, 4.5, 7], "texture": "#0"},
				"west": {"uv": [4.5, 3.75, 5, 7], "texture": "#0"},
				"up": {"uv": [3.5, 8, 3, 7.5], "texture": "#0"},
				"down": {"uv": [4, 7.5, 3.5, 8], "texture": "#0"}
			}
		}
	],
	"display": {
		"thirdperson_righthand": {
			"rotation": [-136.55, -79.33, -126.97],
			"translation": [-3.25, 2.75, 1.5],
			"scale": [0.37305, 0.32813, 0.55469]
		},
		"thirdperson_lefthand": {
			"rotation": [132.49, -73.37, 148.71],
			"translation": [-4.75, 1.25, -1],
			"scale": [0.42578, 0.50195, 0.60938]
		},
		"firstperson_righthand": {
			"rotation": [-18, 122, 0],
			"translation": [7.75, 0, -8]
		},
		"firstperson_lefthand": {
			"rotation": [-18, 122, 0],
			"translation": [7.75, 0, -8]
		},
		"ground": {
			"translation": [0, 14.25, 5.5]
		},
		"gui": {
			"rotation": [-180, 3.25, -180],
			"translation": [-1, 1, 0],
			"scale": [0.76563, 0.64648, 1]
		},
		"head": {
			"translation": [1.75, 1.5, -1.5],
			"scale": [0.86719, 0.81445, 0.95313]
		},
		"fixed": {
			"translation": [2.5, 0, 5.5]
		}
	},
	"groups": [
		{
			"name": "group",
			"origin": [8, 8, 8],
			"color": 0,
			"children": [0, 1, 2, 3, 4, 5, 6, 7, 8]
		}
	]
}