{
	"credit": "Made with Blockbench",
	"textures": {
		"0": "magiccosmetics:item/ikan/idung",
		"1": "magiccosmetics:item/ikan/telinga",
		"particle": "magiccosmetics:item/ikan/idung"
	},
	"elements": [
		{
			"from": [4, 0, 6],
			"to": [12, 4, 10],
			"rotation": {"angle": 0, "axis": "y", "origin": [8, 2, 8]},
			"faces": {
				"north": {"uv": [0, 0, 4, 2], "texture": "#0"},
				"east": {"uv": [0, 6, 2, 8], "texture": "#0"},
				"south": {"uv": [0, 2, 4, 4], "texture": "#0"},
				"west": {"uv": [2, 6, 4, 8], "texture": "#0"},
				"up": {"uv": [4, 6, 0, 4], "texture": "#0"},
				"down": {"uv": [8, 0, 4, 2], "texture": "#0"}
			}
		},
		{
			"from": [6, 2.5, 5.5],
			"to": [10, 4.5, 7.5],
			"rotation": {"angle": 0, "axis": "y", "origin": [8, 1, 8]},
			"faces": {
				"north": {"uv": [7.5, 4, 9.5, 5], "texture": "#0"},
				"east": {"uv": [0, 8, 1, 9], "texture": "#0"},
				"south": {"uv": [7.5, 5, 9.5, 6], "texture": "#0"},
				"west": {"uv": [8, 0, 9, 1], "texture": "#0"},
				"up": {"uv": [9.5, 7, 7.5, 6], "texture": "#0"},
				"down": {"uv": [9.5, 7, 7.5, 8], "texture": "#0"}
			}
		},
		{
			"from": [0, 6.5, 12],
			"to": [6, 12.5, 14],
			"rotation": {"angle": -45, "axis": "z", "origin": [6, 13.5, 13]},
			"faces": {
				"north": {"uv": [0, 0, 6, 6], "rotation": 90, "texture": "#1"},
				"east": {"uv": [14, 2, 8, 4], "rotation": 270, "texture": "#1"},
				"south": {"uv": [0, 6, 6, 12], "rotation": 270, "texture": "#1"},
				"west": {"uv": [14, 2, 8, 0], "rotation": 270, "texture": "#1"},
				"up": {"uv": [6, 0, 8, 6], "rotation": 270, "texture": "#1"},
				"down": {"uv": [6, 6, 8, 12], "rotation": 270, "texture": "#1"}
			}
		},
		{
			"from": [8.5, 4, 12],
			"to": [14.5, 10, 14],
			"rotation": {"angle": 45, "axis": "z", "origin": [6, 13.5, 13]},
			"faces": {
				"north": {"uv": [0, 6, 6, 0], "rotation": 90, "texture": "#1"},
				"east": {"uv": [14, 0, 8, 2], "rotation": 270, "texture": "#1"},
				"south": {"uv": [0, 12, 6, 6], "rotation": 270, "texture": "#1"},
				"west": {"uv": [14, 4, 8, 2], "rotation": 270, "texture": "#1"},
				"up": {"uv": [6, 6, 8, 0], "rotation": 270, "texture": "#1"},
				"down": {"uv": [6, 12, 8, 6], "rotation": 270, "texture": "#1"}
			}
		}
	],
	"display": {
		"gui": {
			"rotation": [-154.82, 47.29, 179.22],
			"translation": [-2.25, 0.5, 0],
			"scale": [0.64922, 0.64922, 0.64922]
		},
		"head": {
			"translation": [0, 0.75, -6.5]
		}
	}
}