{
	"credit": "Made with Blockbench",
	"texture_size": [64, 64],
	"textures": {
		"0": "magiccosmetics:item/kamen_rider/lnm",
		"particle": "magiccosmetics:item/kamen_rider/lnm"
	},
	"elements": [
		{
			"from": [2, 0, 7],
			"to": [14, 2, 9],
			"rotation": {"angle": 0, "axis": "y", "origin": [8, 1, 8]},
			"faces": {
				"north": {"uv": [3, 7, 6, 7.5], "texture": "#0"},
				"east": {"uv": [8.5, 9.5, 9, 10], "texture": "#0"},
				"south": {"uv": [6, 7, 9, 7.5], "texture": "#0"},
				"west": {"uv": [9, 9.5, 9.5, 10], "texture": "#0"},
				"up": {"uv": [6, 8, 3, 7.5], "texture": "#0"},
				"down": {"uv": [9, 7.5, 6, 8], "texture": "#0"}
			}
		},
		{
			"from": [0, 2, 7],
			"to": [16, 4, 9],
			"rotation": {"angle": 0, "axis": "y", "origin": [8, 1, 8]},
			"faces": {
				"north": {"uv": [6, 5, 10, 5.5], "texture": "#0"},
				"east": {"uv": [9.5, 9.5, 10, 10], "texture": "#0"},
				"south": {"uv": [6, 5.5, 10, 6], "texture": "#0"},
				"west": {"uv": [4.5, 10, 5, 10.5], "texture": "#0"},
				"up": {"uv": [10, 6.5, 6, 6], "texture": "#0"},
				"down": {"uv": [10, 6.5, 6, 7], "texture": "#0"}
			}
		},
		{
			"from": [-2, 4, 7],
			"to": [18, 6, 9],
			"rotation": {"angle": 0, "axis": "y", "origin": [8, 1, 8]},
			"faces": {
				"north": {"uv": [6, 0, 11, 0.5], "texture": "#0"},
				"east": {"uv": [5, 10, 5.5, 10.5], "texture": "#0"},
				"south": {"uv": [6, 0.5, 11, 1], "texture": "#0"},
				"west": {"uv": [10, 5, 10.5, 5.5], "texture": "#0"},
				"up": {"uv": [11, 1.5, 6, 1], "texture": "#0"},
				"down": {"uv": [11, 1.5, 6, 2], "texture": "#0"}
			}
		},
		{
			"from": [12, 6, 7],
			"to": [18, 8, 9],
			"rotation": {"angle": 0, "axis": "y", "origin": [8, 1, 8]},
			"faces": {
				"north": {"uv": [4.5, 8.5, 6, 9], "texture": "#0"},
				"east": {"uv": [5.5, 10, 6, 10.5], "texture": "#0"},
				"south": {"uv": [6, 8.5, 7.5, 9], "texture": "#0"},
				"west": {"uv": [10, 5.5, 10.5, 6], "texture": "#0"},
				"up": {"uv": [9, 9, 7.5, 8.5], "texture": "#0"},
				"down": {"uv": [10.25, 8, 8.75, 8.5], "texture": "#0"}
			}
		},
		{
			"from": [14, 8, 7],
			"to": [18, 20, 9],
			"rotation": {"angle": 0, "axis": "y", "origin": [8, 1, 8]},
			"faces": {
				"north": {"uv": [4, 4, 5, 7], "texture": "#0"},
				"east": {"uv": [1, 8, 1.5, 11], "texture": "#0"},
				"south": {"uv": [5, 4, 6, 7], "texture": "#0"},
				"west": {"uv": [1.5, 8, 2, 11], "texture": "#0"},
				"up": {"uv": [5.5, 10, 4.5, 9.5], "texture": "#0"},
				"down": {"uv": [6.5, 9.5, 5.5, 10], "texture": "#0"}
			}
		},
		{
			"from": [6, 6, 7],
			"to": [10, 22, 9],
			"rotation": {"angle": 0, "axis": "y", "origin": [8, 1, 8]},
			"faces": {
				"north": {"uv": [0, 4, 1, 8], "texture": "#0"},
				"east": {"uv": [2, 7, 2.5, 11], "texture": "#0"},
				"south": {"uv": [1, 4, 2, 8], "texture": "#0"},
				"west": {"uv": [2.5, 7, 3, 11], "texture": "#0"},
				"up": {"uv": [7.5, 10, 6.5, 9.5], "texture": "#0"},
				"down": {"uv": [8.5, 9.5, 7.5, 10], "texture": "#0"}
			}
		},
		{
			"from": [2, 0, 9],
			"to": [14, 16, 9.5],
			"rotation": {"angle": 0, "axis": "y", "origin": [8, 1, 8]},
			"faces": {
				"north": {"uv": [0, 0, 3, 4], "texture": "#0"},
				"east": {"uv": [4, 8.5, 4.25, 12.5], "texture": "#0"},
				"south": {"uv": [3, 0, 6, 4], "texture": "#0"},
				"west": {"uv": [4.25, 8.5, 4.5, 12.5], "texture": "#0"},
				"up": {"uv": [12, 7.75, 9, 7.5], "texture": "#0"},
				"down": {"uv": [12, 7.75, 9, 8], "texture": "#0"}
			}
		},
		{
			"from": [-2, 8, 7],
			"to": [2, 20, 9],
			"rotation": {"angle": 0, "axis": "y", "origin": [8, 1, 8]},
			"faces": {
				"north": {"uv": [2, 4, 3, 7], "texture": "#0"},
				"east": {"uv": [0, 8, 0.5, 11], "texture": "#0"},
				"south": {"uv": [3, 4, 4, 7], "texture": "#0"},
				"west": {"uv": [0.5, 8, 1, 11], "texture": "#0"},
				"up": {"uv": [10, 9, 9, 8.5], "texture": "#0"},
				"down": {"uv": [10, 9, 9, 9.5], "texture": "#0"}
			}
		},
		{
			"from": [-2, 6, 7],
			"to": [4, 8, 9],
			"rotation": {"angle": 0, "axis": "y", "origin": [8, 1, 8]},
			"faces": {
				"north": {"uv": [4.5, 9, 6, 9.5], "texture": "#0"},
				"east": {"uv": [6, 10, 6.5, 10.5], "texture": "#0"},
				"south": {"uv": [6, 9, 7.5, 9.5], "texture": "#0"},
				"west": {"uv": [10, 6, 10.5, 6.5], "texture": "#0"},
				"up": {"uv": [10.5, 7.5, 9, 7], "texture": "#0"},
				"down": {"uv": [9, 9, 7.5, 9.5], "texture": "#0"}
			}
		},
		{
			"from": [-2, 6, 9],
			"to": [-1.5, 8, 29],
			"rotation": {"angle": 0, "axis": "y", "origin": [8, 1, 8]},
			"faces": {
				"north": {"uv": [6.5, 10, 6.75, 10.5], "texture": "#0"},
				"east": {"uv": [6, 2, 11, 2.5], "texture": "#0"},
				"south": {"uv": [10, 6.5, 10.25, 7], "texture": "#0"},
				"west": {"uv": [6, 2.5, 11, 3], "texture": "#0"},
				"up": {"uv": [3.25, 13, 3, 8], "texture": "#0"},
				"down": {"uv": [3.5, 8, 3.25, 13], "texture": "#0"}
			}
		},
		{
			"from": [17.5, 6, 9],
			"to": [18, 8, 29],
			"rotation": {"angle": 0, "axis": "y", "origin": [8, 1, 8]},
			"faces": {
				"north": {"uv": [6.75, 10, 7, 10.5], "texture": "#0"},
				"east": {"uv": [6, 3, 11, 3.5], "texture": "#0"},
				"south": {"uv": [7, 10, 7.25, 10.5], "texture": "#0"},
				"west": {"uv": [6, 3.5, 11, 4], "texture": "#0"},
				"up": {"uv": [3.75, 13, 3.5, 8], "texture": "#0"},
				"down": {"uv": [4, 8, 3.75, 13], "texture": "#0"}
			}
		},
		{
			"from": [-1.5, 6, 28.5],
			"to": [17.5, 8, 29],
			"rotation": {"angle": 0, "axis": "y", "origin": [-3.5, 1, 38.5]},
			"faces": {
				"north": {"uv": [6, 4, 10.75, 4.5], "texture": "#0"},
				"east": {"uv": [7.25, 10, 7.5, 10.5], "texture": "#0"},
				"south": {"uv": [6, 4.5, 10.75, 5], "texture": "#0"},
				"west": {"uv": [7.5, 10, 7.75, 10.5], "texture": "#0"},
				"up": {"uv": [8.75, 8.25, 4, 8], "texture": "#0"},
				"down": {"uv": [8.75, 8.25, 4, 8.5], "texture": "#0"}
			}
		}
	],
	"display": {
		"thirdperson_righthand": {
			"rotation": [47, 0, 0],
			"translation": [0, 0, -1],
			"scale": [0.22656, 0.22656, 0.22656]
		},
		"thirdperson_lefthand": {
			"rotation": [47, 0, 0],
			"translation": [0, 0, -1],
			"scale": [0.22656, 0.22656, 0.22656]
		},
		"firstperson_righthand": {
			"rotation": [-180, 72.25, -180],
			"translation": [1, 2.25, 0],
			"scale": [0.30859, 0.30859, 0.30859]
		},
		"firstperson_lefthand": {
			"rotation": [-180, 72.25, -180],
			"translation": [1, 2.25, 0],
			"scale": [0.30859, 0.30859, 0.30859]
		},
		"gui": {
			"rotation": [-176.5, 1.46, 179.77],
			"translation": [0, -0.75, 0],
			"scale": [0.60547, 0.57422, 1]
		},
		"head": {
			"translation": [0, -1.75, -8.25],
			"scale": [0.7832, 0.7832, 0.7832]
		}
	}
}