{
	"credit": "EnumXyZB",
	"textures": {
		"0": "magiccosmetics:item/kedoy_horn/tanduk_kedoy",
		"particle": "magiccosmetics:item/kedoy_horn/tanduk_kedoy"
	},
	"elements": [
		{
			"from": [0, 2, 7],
			"to": [2, 4, 9],
			"rotation": {"angle": 22.5, "axis": "z", "origin": [0, 0, 0]},
			"faces": {
				"north": {"uv": [4, 0, 6, 2], "texture": "#0"},
				"east": {"uv": [4, 2, 6, 4], "texture": "#0"},
				"south": {"uv": [4, 4, 6, 6], "texture": "#0"},
				"west": {"uv": [0, 6, 2, 8], "texture": "#0"},
				"up": {"uv": [8, 2, 6, 0], "texture": "#0"},
				"down": {"uv": [4, 6, 2, 8], "texture": "#0"}
			}
		},
		{
			"from": [3, 4.3, 7],
			"to": [5, 6.3, 9],
			"rotation": {"angle": -22.5, "axis": "z", "origin": [0, 0, 0]},
			"faces": {
				"north": {"uv": [6, 2, 8, 4], "texture": "#0"},
				"east": {"uv": [4, 6, 6, 8], "texture": "#0"},
				"south": {"uv": [6, 4, 8, 6], "texture": "#0"},
				"west": {"uv": [6, 6, 8, 8], "texture": "#0"},
				"up": {"uv": [2, 10, 0, 8], "texture": "#0"},
				"down": {"uv": [10, 0, 8, 2], "texture": "#0"}
			}
		},
		{
			"from": [0, 4, 7],
			"to": [1, 7, 9],
			"rotation": {"angle": 22.5, "axis": "z", "origin": [0, 0, 0]},
			"faces": {
				"north": {"uv": [2, 8, 3, 11], "texture": "#0"},
				"east": {"uv": [0, 0, 2, 3], "texture": "#0"},
				"south": {"uv": [8, 2, 9, 5], "texture": "#0"},
				"west": {"uv": [2, 0, 4, 3], "texture": "#0"},
				"up": {"uv": [6, 10, 5, 8], "texture": "#0"},
				"down": {"uv": [9, 5, 8, 7], "texture": "#0"}
			}
		},
		{
			"from": [4, 6, 7],
			"to": [5, 9, 9],
			"rotation": {"angle": -22.5, "axis": "z", "origin": [0, 0, 0]},
			"faces": {
				"north": {"uv": [3, 8, 4, 11], "texture": "#0"},
				"east": {"uv": [0, 3, 2, 6], "texture": "#0"},
				"south": {"uv": [4, 8, 5, 11], "texture": "#0"},
				"west": {"uv": [2, 3, 4, 6], "texture": "#0"},
				"up": {"uv": [10, 6, 9, 4], "texture": "#0"},
				"down": {"uv": [10, 6, 9, 8], "texture": "#0"}
			}
		},
		{
			"from": [-2.7, 6.4, 7.5],
			"to": [-1.7, 8.4, 8.5],
			"faces": {
				"north": {"uv": [6, 8, 7, 10], "texture": "#0"},
				"east": {"uv": [7, 8, 8, 10], "texture": "#0"},
				"south": {"uv": [8, 7, 9, 9], "texture": "#0"},
				"west": {"uv": [9, 2, 10, 4], "texture": "#0"},
				"up": {"uv": [2, 11, 1, 10], "texture": "#0"},
				"down": {"uv": [11, 2, 10, 3], "texture": "#0"}
			}
		},
		{
			"from": [7.1, 6.4, 7.5],
			"to": [8.1, 8.4, 8.5],
			"faces": {
				"north": {"uv": [8, 9, 9, 11], "texture": "#0"},
				"east": {"uv": [9, 8, 10, 10], "texture": "#0"},
				"south": {"uv": [0, 10, 1, 12], "texture": "#0"},
				"west": {"uv": [10, 0, 11, 2], "texture": "#0"},
				"up": {"uv": [11, 4, 10, 3], "texture": "#0"},
				"down": {"uv": [11, 4, 10, 5], "texture": "#0"}
			}
		}
	],
	"display": {
		"thirdperson_righthand": {
			"translation": [5.25, 4.5, 2.5]
		},
		"thirdperson_lefthand": {
			"rotation": [70.04, -8.77, -1.56],
			"translation": [-4.5, 1.25, 5.25]
		},
		"firstperson_righthand": {
			"rotation": [180, -56.25, 180],
			"translation": [-4.5, 4.75, 0.75]
		},
		"firstperson_lefthand": {
			"translation": [-5, 5.5, 0]
		},
		"ground": {
			"translation": [5.75, 2.25, 0]
		},
		"gui": {
			"rotation": [-180, -13, -180],
			"translation": [-5, 2.5, 0]
		},
		"head": {
			"rotation": [-58, 0, 0],
			"translation": [13.5, 8, -9.25],
			"scale": [2.60547, 2.21876, 1.89257]
		},
		"fixed": {
			"translation": [5.75, 3.75, 0]
		}
	},
	"groups": [
		{
			"name": "group",
			"origin": [8, 8, 8],
			"color": 0,
			"children": []
		},
		0,
		1,
		2,
		3,
		4,
		5
	]
}