{
	"credit": "Made with Blockbench",
	"texture_size": [32, 32],
	"textures": {
		"0": "magiccosmetics:item/maji/topeng",
		"1": "magiccosmetics:item/maji/tanduk",
		"2": "magiccosmetics:item/maji/tali",
		"particle": "magiccosmetics:item/maji/topeng"
	},
	"elements": [
		{
			"from": [-2, 6, 7],
			"to": [0, 12, 9],
			"rotation": {"angle": 0, "axis": "y", "origin": [8, 9, 8]},
			"faces": {
				"north": {"uv": [8, 6.5, 8.5, 8], "texture": "#0"},
				"east": {"uv": [8, 8, 8.5, 9.5], "texture": "#0"},
				"south": {"uv": [0, 8.25, 0.5, 9.75], "texture": "#0"},
				"west": {"uv": [0.5, 8.25, 1, 9.75], "texture": "#0"},
				"up": {"uv": [1.5, 10.25, 1, 9.75], "texture": "#0"},
				"down": {"uv": [2, 9.75, 1.5, 10.25], "texture": "#0"}
			}
		},
		{
			"from": [2, 0, 7],
			"to": [14, 2, 9],
			"rotation": {"angle": 0, "axis": "y", "origin": [8, 9, 8]},
			"faces": {
				"north": {"uv": [2, 4, 5, 4.5], "texture": "#0"},
				"east": {"uv": [7.5, 9.75, 8, 10.25], "texture": "#0"},
				"south": {"uv": [2, 4.5, 5, 5], "texture": "#0"},
				"west": {"uv": [9.75, 9.75, 10.25, 10.25], "texture": "#0"},
				"up": {"uv": [3, 5.5, 0, 5], "texture": "#0"},
				"down": {"uv": [8, 2, 5, 2.5], "texture": "#0"}
			}
		},
		{
			"from": [2, 2, 9],
			"to": [14, 4, 9],
			"rotation": {"angle": 0, "axis": "y", "origin": [8, 9, 8]},
			"faces": {
				"north": {"uv": [2, 4, 5, 4.5], "texture": "#0"},
				"east": {"uv": [7.5, 9.75, 8, 10.25], "texture": "#0"},
				"south": {"uv": [2, 4.5, 5, 5], "texture": "#0"},
				"west": {"uv": [9.75, 9.75, 10.25, 10.25], "texture": "#0"},
				"up": {"uv": [3, 5.5, 0, 5], "texture": "#0"},
				"down": {"uv": [8, 2, 5, 2.5], "texture": "#0"}
			}
		},
		{
			"from": [2, 8, 9],
			"to": [14, 10, 9],
			"rotation": {"angle": 0, "axis": "y", "origin": [8, 9, 8]},
			"faces": {
				"north": {"uv": [2, 4, 5, 4.5], "texture": "#0"},
				"east": {"uv": [7.5, 9.75, 8, 10.25], "texture": "#0"},
				"south": {"uv": [2, 4.5, 5, 5], "texture": "#0"},
				"west": {"uv": [9.75, 9.75, 10.25, 10.25], "texture": "#0"},
				"up": {"uv": [3, 5.5, 0, 5], "texture": "#0"},
				"down": {"uv": [8, 2, 5, 2.5], "texture": "#0"}
			}
		},
		{
			"from": [2, 0, 7.5],
			"to": [14, 4, 7.75],
			"rotation": {"angle": 0, "axis": "y", "origin": [8, 9, 8]},
			"faces": {
				"north": {"uv": [0, 2, 3, 3], "texture": "#0"},
				"east": {"uv": [10.5, 4.5, 10.75, 5.5], "texture": "#0"},
				"south": {"uv": [0, 3, 3, 4], "texture": "#0"},
				"west": {"uv": [5, 10.5, 5.25, 11.5], "texture": "#0"},
				"up": {"uv": [11.75, 1.75, 8.75, 1.5], "texture": "#0"},
				"down": {"uv": [11.75, 1.75, 8.75, 2], "texture": "#0"}
			}
		},
		{
			"from": [10, 8, 7.5],
			"to": [14.5, 10, 7.75],
			"rotation": {"angle": 0, "axis": "y", "origin": [8, 9, 8]},
			"faces": {
				"north": {"uv": [2, 8.75, 3.25, 9.25], "texture": "#0"},
				"east": {"uv": [5.25, 10.5, 5.5, 11], "texture": "#0"},
				"south": {"uv": [8.75, 2, 10, 2.5], "texture": "#0"},
				"west": {"uv": [5.5, 10.5, 5.75, 11], "texture": "#0"},
				"up": {"uv": [11, 1, 9.75, 0.75], "texture": "#0"},
				"down": {"uv": [11, 1, 9.75, 1.25], "texture": "#0"}
			}
		},
		{
			"from": [1.5, 8, 7.5],
			"to": [6, 10, 7.75],
			"rotation": {"angle": 0, "axis": "y", "origin": [8, 9, 8]},
			"faces": {
				"north": {"uv": [8.75, 2.5, 10, 3], "texture": "#0"},
				"east": {"uv": [5.75, 10.5, 6, 11], "texture": "#0"},
				"south": {"uv": [3.25, 8.75, 4.5, 9.25], "texture": "#0"},
				"west": {"uv": [6, 10.5, 6.25, 11], "texture": "#0"},
				"up": {"uv": [11, 1.5, 9.75, 1.25], "texture": "#0"},
				"down": {"uv": [11, 9.5, 9.75, 9.75], "texture": "#0"}
			}
		},
		{
			"from": [13, 2, 7],
			"to": [16, 4, 9],
			"rotation": {"angle": 0, "axis": "y", "origin": [8, 9, 8]},
			"faces": {
				"north": {"uv": [5.5, 9.5, 6.25, 10], "texture": "#0"},
				"east": {"uv": [10, 6.5, 10.5, 7], "texture": "#0"},
				"south": {"uv": [9.5, 5.5, 10.25, 6], "texture": "#0"},
				"west": {"uv": [10, 7, 10.5, 7.5], "texture": "#0"},
				"up": {"uv": [10.25, 6.5, 9.5, 6], "texture": "#0"},
				"down": {"uv": [7, 9.5, 6.25, 10], "texture": "#0"}
			}
		},
		{
			"from": [14, 8, 7],
			"to": [16, 12, 9],
			"rotation": {"angle": 0, "axis": "y", "origin": [8, 9, 8]},
			"faces": {
				"north": {"uv": [7.5, 8.75, 8, 9.75], "texture": "#0"},
				"east": {"uv": [9, 4.5, 9.5, 5.5], "texture": "#0"},
				"south": {"uv": [9, 5.5, 9.5, 6.5], "texture": "#0"},
				"west": {"uv": [9, 6.5, 9.5, 7.5], "texture": "#0"},
				"up": {"uv": [10.5, 4.5, 10, 4], "texture": "#0"},
				"down": {"uv": [10.5, 4.5, 10, 5], "texture": "#0"}
			}
		},
		{
			"from": [0, 12, 7],
			"to": [16, 16, 9],
			"rotation": {"angle": 0, "axis": "y", "origin": [8, 9, 8]},
			"faces": {
				"north": {"uv": [0, 0, 4, 1], "texture": "#0"},
				"east": {"uv": [9.5, 4.5, 10, 5.5], "texture": "#0"},
				"south": {"uv": [0, 1, 4, 2], "texture": "#0"},
				"west": {"uv": [5, 9.5, 5.5, 10.5], "texture": "#0"},
				"up": {"uv": [8, 1.5, 4, 1], "texture": "#0"},
				"down": {"uv": [8, 1.5, 4, 2], "texture": "#0"}
			}
		},
		{
			"from": [0, 8, 7],
			"to": [2, 12, 9],
			"rotation": {"angle": 0, "axis": "y", "origin": [8, 9, 8]},
			"faces": {
				"north": {"uv": [3, 9.25, 3.5, 10.25], "texture": "#0"},
				"east": {"uv": [3.5, 9.25, 4, 10.25], "texture": "#0"},
				"south": {"uv": [4, 9.25, 4.5, 10.25], "texture": "#0"},
				"west": {"uv": [4.5, 9.5, 5, 10.5], "texture": "#0"},
				"up": {"uv": [6.5, 10.5, 6, 10], "texture": "#0"},
				"down": {"uv": [7, 10, 6.5, 10.5], "texture": "#0"}
			}
		},
		{
			"from": [-2.499, 2.001, 7.001],
			"to": [-0.501, 5.499, 8.749],
			"rotation": {"angle": 45, "axis": "z", "origin": [3, 9, 8]},
			"faces": {
				"north": {"uv": [10, 7.5, 10.5, 8], "texture": "#0"},
				"east": {"uv": [8.5, 10, 9, 10.5], "texture": "#0"},
				"south": {"uv": [10.25, 0, 10.75, 0.5], "texture": "#0"},
				"west": {"uv": [1, 10.25, 1.5, 10.75], "texture": "#0"},
				"up": {"uv": [2, 10.75, 1.5, 10.25], "texture": "#0"},
				"down": {"uv": [2.5, 10.25, 2, 10.75], "texture": "#0"}
			}
		},
		{
			"from": [16.501, 2.001, 7.001],
			"to": [18.499, 5.499, 8.749],
			"rotation": {"angle": -45, "axis": "z", "origin": [13, 9, 8]},
			"faces": {
				"north": {"uv": [10.5, 7.5, 10, 8], "texture": "#0"},
				"east": {"uv": [1.5, 10.25, 1, 10.75], "texture": "#0"},
				"south": {"uv": [10.75, 0, 10.25, 0.5], "texture": "#0"},
				"west": {"uv": [9, 10, 8.5, 10.5], "texture": "#0"},
				"up": {"uv": [1.5, 10.75, 2, 10.25], "texture": "#0"},
				"down": {"uv": [2, 10.25, 2.5, 10.75], "texture": "#0"}
			}
		},
		{
			"from": [5, 6.5, 7.25],
			"to": [7, 8.5, 8.75],
			"rotation": {"angle": 45, "axis": "z", "origin": [3, 9, 8]},
			"faces": {
				"north": {"uv": [2.5, 10.25, 3, 10.75], "texture": "#0"},
				"east": {"uv": [3, 10.25, 3.5, 10.75], "texture": "#0"},
				"south": {"uv": [3.5, 10.25, 4, 10.75], "texture": "#0"},
				"west": {"uv": [4, 10.25, 4.5, 10.75], "texture": "#0"},
				"up": {"uv": [10.75, 6, 10.25, 5.5], "texture": "#0"},
				"down": {"uv": [10.75, 6, 10.25, 6.5], "texture": "#0"}
			}
		},
		{
			"from": [13.501, 8.001, 7.001],
			"to": [15.499, 9.999, 8.749],
			"rotation": {"angle": -45, "axis": "z", "origin": [13, 9, 8]},
			"faces": {
				"north": {"uv": [10.25, 9, 10.75, 9.5], "texture": "#0"},
				"east": {"uv": [9.5, 10.25, 10, 10.75], "texture": "#0"},
				"south": {"uv": [10.25, 9.75, 10.75, 10.25], "texture": "#0"},
				"west": {"uv": [10, 10.25, 10.5, 10.75], "texture": "#0"},
				"up": {"uv": [0.5, 11, 0, 10.5], "texture": "#0"},
				"down": {"uv": [1, 10.5, 0.5, 11], "texture": "#0"}
			}
		},
		{
			"from": [0.501, 8.001, 7.001],
			"to": [2.499, 9.999, 8.749],
			"rotation": {"angle": 45, "axis": "z", "origin": [3, 9, 8]},
			"faces": {
				"north": {"uv": [10.75, 9, 10.25, 9.5], "texture": "#0"},
				"east": {"uv": [10.5, 10.25, 10, 10.75], "texture": "#0"},
				"south": {"uv": [10.75, 9.75, 10.25, 10.25], "texture": "#0"},
				"west": {"uv": [10, 10.25, 9.5, 10.75], "texture": "#0"},
				"up": {"uv": [0, 11, 0.5, 10.5], "texture": "#0"},
				"down": {"uv": [0.5, 10.5, 1, 11], "texture": "#0"}
			}
		},
		{
			"from": [0, 2, 7],
			"to": [3, 4, 9],
			"rotation": {"angle": 0, "axis": "y", "origin": [8, 9, 8]},
			"faces": {
				"north": {"uv": [9.5, 8, 10.25, 8.5], "texture": "#0"},
				"east": {"uv": [10.5, 3, 11, 3.5], "texture": "#0"},
				"south": {"uv": [8.5, 9.5, 9.25, 10], "texture": "#0"},
				"west": {"uv": [10.5, 3.5, 11, 4], "texture": "#0"},
				"up": {"uv": [10.25, 9, 9.5, 8.5], "texture": "#0"},
				"down": {"uv": [10.25, 9, 9.5, 9.5], "texture": "#0"}
			}
		},
		{
			"from": [9, 6.5, 7.25],
			"to": [11, 8.5, 8.75],
			"rotation": {"angle": -45, "axis": "z", "origin": [13, 9, 8]},
			"faces": {
				"north": {"uv": [7, 10.25, 7.5, 10.75], "texture": "#0"},
				"east": {"uv": [7.5, 10.25, 8, 10.75], "texture": "#0"},
				"south": {"uv": [8, 10.25, 8.5, 10.75], "texture": "#0"},
				"west": {"uv": [10.25, 8, 10.75, 8.5], "texture": "#0"},
				"up": {"uv": [10.75, 9, 10.25, 8.5], "texture": "#0"},
				"down": {"uv": [9.5, 10.25, 9, 10.75], "texture": "#0"}
			}
		},
		{
			"from": [8, 4, 7],
			"to": [16, 8, 9],
			"rotation": {"angle": 0, "axis": "z", "origin": [15, 12, 8]},
			"faces": {
				"north": {"uv": [3, 2, 5, 3], "texture": "#0"},
				"east": {"uv": [9, 7.5, 9.5, 8.5], "texture": "#0"},
				"south": {"uv": [3, 3, 5, 4], "texture": "#0"},
				"west": {"uv": [9, 8.5, 9.5, 9.5], "texture": "#0"},
				"up": {"uv": [8, 5.5, 6, 5], "texture": "#0"},
				"down": {"uv": [10, 3, 8, 3.5], "texture": "#0"}
			}
		},
		{
			"from": [2, 10, 7],
			"to": [14, 12, 9],
			"rotation": {"angle": 0, "axis": "z", "origin": [1, 12, 8]},
			"faces": {
				"north": {"uv": [5, 4, 8, 4.5], "texture": "#0"},
				"east": {"uv": [10, 5, 10.5, 5.5], "texture": "#0"},
				"south": {"uv": [5, 4.5, 8, 5], "texture": "#0"},
				"west": {"uv": [5.5, 10, 6, 10.5], "texture": "#0"},
				"up": {"uv": [5, 6, 2, 5.5], "texture": "#0"},
				"down": {"uv": [8, 5.5, 5, 6], "texture": "#0"}
			}
		},
		{
			"from": [0, 4, 7],
			"to": [8, 8, 9],
			"rotation": {"angle": 0, "axis": "z", "origin": [1, 12, 8]},
			"faces": {
				"north": {"uv": [0, 4, 2, 5], "texture": "#0"},
				"east": {"uv": [2, 9.25, 2.5, 10.25], "texture": "#0"},
				"south": {"uv": [4, 0, 6, 1], "texture": "#0"},
				"west": {"uv": [2.5, 9.25, 3, 10.25], "texture": "#0"},
				"up": {"uv": [10, 4, 8, 3.5], "texture": "#0"},
				"down": {"uv": [10, 4, 8, 4.5], "texture": "#0"}
			}
		},
		{
			"from": [16, 6, 7],
			"to": [18, 12, 9],
			"rotation": {"angle": 0, "axis": "y", "origin": [8, 9, 8]},
			"faces": {
				"north": {"uv": [1, 8.25, 1.5, 9.75], "texture": "#0"},
				"east": {"uv": [1.5, 8.25, 2, 9.75], "texture": "#0"},
				"south": {"uv": [8.5, 6.5, 9, 8], "texture": "#0"},
				"west": {"uv": [8.5, 8, 9, 9.5], "texture": "#0"},
				"up": {"uv": [10.5, 2.5, 10, 2], "texture": "#0"},
				"down": {"uv": [10.5, 2.5, 10, 3], "texture": "#0"}
			}
		},
		{
			"from": [2, 16, 7],
			"to": [14, 18, 9],
			"rotation": {"angle": 0, "axis": "y", "origin": [8, 9, 8]},
			"faces": {
				"north": {"uv": [5, 2.5, 8, 3], "texture": "#0"},
				"east": {"uv": [10, 3, 10.5, 3.5], "texture": "#0"},
				"south": {"uv": [3, 5, 6, 5.5], "texture": "#0"},
				"west": {"uv": [10, 3.5, 10.5, 4], "texture": "#0"},
				"up": {"uv": [8, 3.5, 5, 3], "texture": "#0"},
				"down": {"uv": [8, 3.5, 5, 4], "texture": "#0"}
			}
		},
		{
			"from": [6, 5.75, 6.75],
			"to": [10, 11.75, 9.75],
			"rotation": {"angle": 22.5, "axis": "x", "origin": [8, 9, 8]},
			"faces": {
				"north": {"uv": [0, 5.5, 1, 7], "texture": "#0"},
				"east": {"uv": [2, 7.25, 2.75, 8.75], "texture": "#0"},
				"south": {"uv": [1, 5.5, 2, 7], "texture": "#0"},
				"west": {"uv": [2.75, 7.25, 3.5, 8.75], "texture": "#0"},
				"up": {"uv": [9.75, 0.75, 8.75, 0], "texture": "#0"},
				"down": {"uv": [9.75, 0.75, 8.75, 1.5], "texture": "#0"}
			}
		},
		{
			"from": [0, 12.7513, 1.97041],
			"to": [4, 18.7513, 5.97041],
			"rotation": {"angle": -45, "axis": "x", "origin": [1, 18.89664, 5.25]},
			"faces": {
				"north": {"uv": [0, 0, 4, 6], "texture": "#1"},
				"east": {"uv": [4, 0, 8, 6], "texture": "#1"},
				"south": {"uv": [0, 6, 4, 12], "texture": "#1"},
				"west": {"uv": [4, 6, 8, 12], "texture": "#1"},
				"up": {"uv": [4, 16, 0, 12], "texture": "#1"},
				"down": {"uv": [8, 12, 4, 16], "texture": "#1"}
			}
		},
		{
			"from": [0.75, 16.39431, 4.19433],
			"to": [3.25, 21.89431, 6.69433],
			"rotation": {"angle": 0, "axis": "x", "origin": [2, 18.3264, 5.65392]},
			"faces": {
				"north": {"uv": [8, 0, 11, 6], "texture": "#1"},
				"east": {"uv": [8, 6, 11, 12], "texture": "#1"},
				"south": {"uv": [11, 0, 14, 6], "texture": "#1"},
				"west": {"uv": [11, 6, 14, 12], "texture": "#1"},
				"up": {"uv": [11, 15, 8, 12], "texture": "#1"},
				"down": {"uv": [14, 12, 11, 15], "texture": "#1"}
			}
		},
		{
			"from": [12.75, 16.39431, 4.19433],
			"to": [15.25, 21.89431, 6.69433],
			"rotation": {"angle": 0, "axis": "x", "origin": [14, 18.3264, 5.65392]},
			"faces": {
				"north": {"uv": [11, 0, 8, 6], "texture": "#1"},
				"east": {"uv": [14, 6, 11, 12], "texture": "#1"},
				"south": {"uv": [14, 0, 11, 6], "texture": "#1"},
				"west": {"uv": [11, 6, 8, 12], "texture": "#1"},
				"up": {"uv": [8, 15, 11, 12], "texture": "#1"},
				"down": {"uv": [11, 12, 14, 15], "texture": "#1"}
			}
		},
		{
			"from": [12, 12.7513, 1.97041],
			"to": [16, 18.7513, 5.97041],
			"rotation": {"angle": -45, "axis": "x", "origin": [15, 18.89664, 5.25]},
			"faces": {
				"north": {"uv": [4, 0, 0, 6], "texture": "#1"},
				"east": {"uv": [8, 6, 4, 12], "texture": "#1"},
				"south": {"uv": [4, 6, 0, 12], "texture": "#1"},
				"west": {"uv": [8, 0, 4, 6], "texture": "#1"},
				"up": {"uv": [0, 16, 4, 12], "texture": "#1"},
				"down": {"uv": [4, 12, 8, 16], "texture": "#1"}
			}
		},
		{
			"from": [0.25, 6.75, 9],
			"to": [1.25, 8.75, 25],
			"rotation": {"angle": 0, "axis": "y", "origin": [0.25, -1.25, 0]},
			"faces": {
				"north": {"uv": [10, 9.5, 10.5, 10.5], "texture": "#2"},
				"east": {"uv": [0, 0, 8, 1], "texture": "#2"},
				"south": {"uv": [5, 10.5, 5.5, 11.5], "texture": "#2"},
				"west": {"uv": [0, 1, 8, 2], "texture": "#2"},
				"up": {"uv": [2.5, 12, 2, 4], "texture": "#2"},
				"down": {"uv": [3, 4, 2.5, 12], "texture": "#2"}
			}
		},
		{
			"from": [14.75, 6.75, 9],
			"to": [15.75, 8.75, 25],
			"rotation": {"angle": 0, "axis": "y", "origin": [15.75, -1.25, 0]},
			"faces": {
				"north": {"uv": [5.5, 10.5, 6, 11.5], "texture": "#2"},
				"east": {"uv": [0, 2, 8, 3], "texture": "#2"},
				"south": {"uv": [6, 10.5, 6.5, 11.5], "texture": "#2"},
				"west": {"uv": [0, 3, 8, 4], "texture": "#2"},
				"up": {"uv": [3.5, 12, 3, 4], "texture": "#2"},
				"down": {"uv": [4, 4, 3.5, 12], "texture": "#2"}
			}
		},
		{
			"from": [0.25, 6.75, 24],
			"to": [15, 8.75, 25],
			"rotation": {"angle": 0, "axis": "y", "origin": [8, 1.75, 25.5]},
			"faces": {
				"north": {"uv": [8, 5, 10, 6], "texture": "#2"},
				"east": {"uv": [6.5, 10.5, 7, 11.5], "texture": "#2"},
				"south": {"uv": [6, 8, 8, 9], "texture": "#2"},
				"west": {"uv": [7, 10.5, 7.5, 11.5], "texture": "#2"},
				"up": {"uv": [12, 5.5, 10, 5], "texture": "#2"},
				"down": {"uv": [12, 5.5, 10, 6], "texture": "#2"}
			}
		},
		{
			"from": [12, 6.75, 24],
			"to": [15.75, 8.75, 25],
			"rotation": {"angle": 0, "axis": "y", "origin": [8, 1.75, 25.5]},
			"faces": {
				"north": {"uv": [8, 8, 10, 9], "texture": "#2"},
				"east": {"uv": [10, 10.5, 10.5, 11.5], "texture": "#2"},
				"south": {"uv": [6, 9, 8, 10], "texture": "#2"},
				"west": {"uv": [10.5, 10.5, 11, 11.5], "texture": "#2"},
				"up": {"uv": [12, 8.5, 10, 8], "texture": "#2"},
				"down": {"uv": [12, 8.5, 10, 9], "texture": "#2"}
			}
		}
	],
	"display": {
		"thirdperson_righthand": {
			"rotation": [76.37, -25.63, -2.87],
			"translation": [1.5, 0.5, 2],
			"scale": [0.39844, 0.39844, 0.39844]
		},
		"thirdperson_lefthand": {
			"rotation": [76.37, -25.63, -2.87],
			"translation": [1.5, 0.5, 2],
			"scale": [0.39844, 0.39844, 0.39844]
		},
		"firstperson_righthand": {
			"rotation": [162.11, 52.75, -166.71],
			"translation": [1.5, 5, -1.5],
			"scale": [0.46875, 0.46875, 0.46875]
		},
		"firstperson_lefthand": {
			"rotation": [162.11, 52.75, -166.71],
			"translation": [1.5, 5, -1.5],
			"scale": [0.46875, 0.46875, 0.46875]
		},
		"ground": {
			"rotation": [30.96, -0.53, -1.95],
			"translation": [0, 10, -5.25],
			"scale": [0.68555, 0.68555, 0.68555]
		},
		"gui": {
			"rotation": [-154.82, 47.29, 179.22],
			"translation": [-2.25, 0.5, 0],
			"scale": [0.54922, 0.54922, 0.54922]
		},
		"head": {
			"translation": [0, -0.25, -7.5],
			"scale": [0.91992, 0.91992, 0.84961]
		},
		"fixed": {
			"translation": [0, 0, -1.5],
			"scale": [1.33008, 1.33008, 1.33008]
		}
	},
	"groups": [
		{
			"name": "group",
			"origin": [15.5, 4.25, 11.25],
			"color": 0,
			"children": [0, 1, 2, 3, 4, 5, 6, 7, 8, 9, 10, 11, 12, 13, 14, 15, 16, 17, 18, 19, 20, 21, 22, 23, 24, 25, 26, 27, 28, 29, 30, 31]
		}
	]
}