{
	"credit": "Made with Blockbench",
	"texture_size": [8, 8],
	"textures": {
		"0": "magiccosmetics:item/mata_satan/mata",
		"particle": "magiccosmetics:item/mata_satan/mata"
	},
	"elements": [
		{
			"from": [3, -1.5, 8],
			"to": [6.5, 2, 8],
			"rotation": {"angle": 0, "axis": "y", "origin": [8, 2, 8]},
			"faces": {
				"north": {"uv": [0, 0, 7, 7], "texture": "#0"},
				"east": {"uv": [0, 0, 0, 7], "texture": "#0"},
				"south": {"uv": [0, 0, 7, 7], "texture": "#0"},
				"west": {"uv": [0, 0, 0, 7], "texture": "#0"},
				"up": {"uv": [7, 0, 0, 0], "texture": "#0"},
				"down": {"uv": [7, 0, 0, 0], "texture": "#0"}
			}
		},
		{
			"from": [9.5, -1.5, 8],
			"to": [13, 2, 8],
			"rotation": {"angle": 0, "axis": "y", "origin": [8, 2, 8]},
			"faces": {
				"north": {"uv": [7, 0, 0, 7], "texture": "#0"},
				"east": {"uv": [0, 0, 0, 7], "texture": "#0"},
				"south": {"uv": [7, 0, 0, 7], "texture": "#0"},
				"west": {"uv": [0, 0, 0, 7], "texture": "#0"},
				"up": {"uv": [0, 0, 7, 0], "texture": "#0"},
				"down": {"uv": [0, 0, 7, 0], "texture": "#0"}
			}
		}
	],
	"display": {
		"thirdperson_righthand": {
			"translation": [0, 3.25, 0.5],
			"scale": [0.34766, 0.34766, 0.34766]
		},
		"thirdperson_lefthand": {
			"translation": [0, 3.25, 0.5],
			"scale": [0.34766, 0.34766, 0.34766]
		},
		"firstperson_righthand": {
			"translation": [0, -1, 0]
		},
		"ground": {
			"translation": [0, 8.75, 0]
		},
		"gui": {
			"translation": [0, 7.5, 0]
		},
		"head": {
			"translation": [0, 4.5, -6.5],
			"scale": [0.99609, 0.99609, 0.99609]
		},
		"fixed": {
			"translation": [0, 12, 0],
			"scale": [1.58203, 1.58203, 1.58203]
		}
	}
}