{
	"credit": "Made with Blockbench",
	"textures": {
		"0": "magiccosmetics:item/mata_indra/mata_indra",
		"particle": "magiccosmetics:item/mata_indra/mata_indra"
	},
	"elements": [
		{
			"from": [0, -2, 6.75],
			"to": [6, 4, 11.25],
			"rotation": {"angle": 0, "axis": "y", "origin": [8, 1, 8]},
			"faces": {
				"north": {"uv": [0, 0, 6, 6], "texture": "#0"},
				"east": {"uv": [6, 0, 9, 6], "texture": "#0"},
				"south": {"uv": [0, 6, 6, 12], "texture": "#0"},
				"west": {"uv": [6, 6, 9, 12], "texture": "#0"},
				"up": {"uv": [15, 3, 9, 0], "texture": "#0"},
				"down": {"uv": [15, 3, 9, 6], "texture": "#0"}
			}
		},
		{
			"from": [10, -2, 6.75],
			"to": [16, 4, 11.25],
			"rotation": {"angle": 0, "axis": "y", "origin": [8, 1, 8]},
			"faces": {
				"north": {"uv": [0, 0, 6, 6], "texture": "#0"},
				"east": {"uv": [6, 0, 9, 6], "texture": "#0"},
				"south": {"uv": [0, 6, 6, 12], "texture": "#0"},
				"west": {"uv": [6, 6, 9, 12], "texture": "#0"},
				"up": {"uv": [15, 3, 9, 0], "texture": "#0"},
				"down": {"uv": [15, 3, 9, 6], "texture": "#0"}
			}
		}
	],
	"display": {
		"head": {
			"translation": [0, 3.25, -7.5],
			"scale": [0.83398, 0.83398, 0.83398]
		}
	}
}