{
	"credit": "Made with Blockbench",
	"texture_size": [64, 64],
	"textures": {
		"0": "magiccosmetics:item/misterius/main",
		"1": "magiccosmetics:item/misterius/tali",
		"particle": "magiccosmetics:item/misterius/main"
	},
	"elements": [
		{
			"from": [1.2587, 24.44953, 7.501],
			"to": [5.2567, 29.94753, 8.499],
			"rotation": {"angle": 22.5, "axis": "z", "origin": [3.35056, 15.70833, 8]},
			"faces": {
				"north": {"uv": [0.5, 6.5, 1.5, 8], "texture": "#0"},
				"east": {"uv": [10.5, 4, 10.75, 5.5], "texture": "#0"},
				"south": {"uv": [1.5, 6.5, 2.5, 8], "texture": "#0"},
				"west": {"uv": [10.5, 9.75, 10.75, 11.25], "texture": "#0"},
				"up": {"uv": [11.75, 3.75, 10.75, 3.5], "texture": "#0"},
				"down": {"uv": [11.75, 3.75, 10.75, 4], "texture": "#0"}
			}
		},
		{
			"from": [0.2587, 14.44953, 7.001],
			"to": [6.2567, 24.44753, 8.999],
			"rotation": {"angle": 22.5, "axis": "z", "origin": [3.35056, 15.70833, 8]},
			"faces": {
				"north": {"uv": [0, 2, 1.5, 4.5], "texture": "#0"},
				"east": {"uv": [5.5, 6.5, 6, 9], "texture": "#0"},
				"south": {"uv": [1.5, 2, 3, 4.5], "texture": "#0"},
				"west": {"uv": [3.5, 8, 4, 10.5], "texture": "#0"},
				"up": {"uv": [8.75, 9.75, 7.25, 9.25], "texture": "#0"},
				"down": {"uv": [10.25, 9.25, 8.75, 9.75], "texture": "#0"}
			}
		},
		{
			"from": [9.7433, 14.44953, 7.001],
			"to": [15.7413, 24.44753, 8.999],
			"rotation": {"angle": -22.5, "axis": "z", "origin": [12.64944, 15.70833, 8]},
			"faces": {
				"north": {"uv": [1.5, 2, 0, 4.5], "texture": "#0"},
				"east": {"uv": [4, 8, 3.5, 10.5], "texture": "#0"},
				"south": {"uv": [3, 2, 1.5, 4.5], "texture": "#0"},
				"west": {"uv": [6, 6.5, 5.5, 9], "texture": "#0"},
				"up": {"uv": [7.25, 9.75, 8.75, 9.25], "texture": "#0"},
				"down": {"uv": [8.75, 9.25, 10.25, 9.75], "texture": "#0"}
			}
		},
		{
			"from": [10.7433, 24.44953, 7.501],
			"to": [14.7413, 29.94753, 8.499],
			"rotation": {"angle": -22.5, "axis": "z", "origin": [12.64944, 15.70833, 8]},
			"faces": {
				"north": {"uv": [1.5, 6.5, 0.5, 8], "texture": "#0"},
				"east": {"uv": [10.75, 9.75, 10.5, 11.25], "texture": "#0"},
				"south": {"uv": [2.5, 6.5, 1.5, 8], "texture": "#0"},
				"west": {"uv": [10.75, 4, 10.5, 5.5], "texture": "#0"},
				"up": {"uv": [10.75, 3.75, 11.75, 3.5], "texture": "#0"},
				"down": {"uv": [10.75, 3.75, 11.75, 4], "texture": "#0"}
			}
		},
		{
			"from": [-2, 6, 7],
			"to": [0, 12, 9],
			"rotation": {"angle": 0, "axis": "y", "origin": [8, 9, 8]},
			"faces": {
				"north": {"uv": [3, 8.5, 3.5, 10], "texture": "#0"},
				"east": {"uv": [0.5, 9.5, 1, 11], "texture": "#0"},
				"south": {"uv": [1, 9.5, 1.5, 11], "texture": "#0"},
				"west": {"uv": [1.5, 9.5, 2, 11], "texture": "#0"},
				"up": {"uv": [10.25, 9.25, 9.75, 8.75], "texture": "#0"},
				"down": {"uv": [11.25, 4, 10.75, 4.5], "texture": "#0"}
			}
		},
		{
			"from": [2, 0, 7],
			"to": [14, 2, 9],
			"rotation": {"angle": 0, "axis": "y", "origin": [8, 9, 8]},
			"faces": {
				"north": {"uv": [6, 3.5, 9, 4], "texture": "#0"},
				"east": {"uv": [10.75, 4.5, 11.25, 5], "texture": "#0"},
				"south": {"uv": [2.5, 6.5, 5.5, 7], "texture": "#0"},
				"west": {"uv": [10.75, 5, 11.25, 5.5], "texture": "#0"},
				"up": {"uv": [9.5, 5, 6.5, 4.5], "texture": "#0"},
				"down": {"uv": [9.5, 5, 6.5, 5.5], "texture": "#0"}
			}
		},
		{
			"from": [2, 2, 9],
			"to": [14, 4, 9],
			"rotation": {"angle": 0, "axis": "y", "origin": [8, 9, 8]},
			"faces": {
				"north": {"uv": [6.5, 5.5, 9.5, 6], "texture": "#0"},
				"east": {"uv": [0, 0, 0, 0.5], "texture": "#0"},
				"south": {"uv": [6.5, 6, 9.5, 6.5], "texture": "#0"},
				"west": {"uv": [0, 0, 0, 0.5], "texture": "#0"},
				"up": {"uv": [3, 0, 0, 0], "texture": "#0"},
				"down": {"uv": [3, 0, 0, 0], "texture": "#0"}
			}
		},
		{
			"from": [2, 8, 9],
			"to": [14, 10, 9],
			"rotation": {"angle": 0, "axis": "y", "origin": [8, 9, 8]},
			"faces": {
				"north": {"uv": [8, 0, 11, 0.5], "texture": "#0"},
				"east": {"uv": [0, 0, 0, 0.5], "texture": "#0"},
				"south": {"uv": [0.5, 8, 3.5, 8.5], "texture": "#0"},
				"west": {"uv": [0, 0, 0, 0.5], "texture": "#0"},
				"up": {"uv": [3, 0, 0, 0], "texture": "#0"},
				"down": {"uv": [3, 0, 0, 0], "texture": "#0"}
			}
		},
		{
			"from": [10, 8, 7.5],
			"to": [14.5, 10, 7.75],
			"rotation": {"angle": 0, "axis": "y", "origin": [8, 9, 8]},
			"faces": {
				"north": {"uv": [9.5, 7, 10.75, 7.5], "texture": "#0"},
				"east": {"uv": [2.25, 9, 2.5, 9.5], "texture": "#0"},
				"south": {"uv": [9.5, 7.5, 10.75, 8], "texture": "#0"},
				"west": {"uv": [6, 11, 6.25, 11.5], "texture": "#0"},
				"up": {"uv": [11.75, 3.5, 10.5, 3.25], "texture": "#0"},
				"down": {"uv": [11.75, 5.5, 10.5, 5.75], "texture": "#0"}
			}
		},
		{
			"from": [1.5, 8, 7.5],
			"to": [6, 10, 7.75],
			"rotation": {"angle": 0, "axis": "y", "origin": [8, 9, 8]},
			"faces": {
				"north": {"uv": [6.5, 9.75, 7.75, 10.25], "texture": "#0"},
				"east": {"uv": [8.5, 11.25, 8.75, 11.75], "texture": "#0"},
				"south": {"uv": [7.75, 9.75, 9, 10.25], "texture": "#0"},
				"west": {"uv": [8.75, 11.25, 9, 11.75], "texture": "#0"},
				"up": {"uv": [11.75, 6, 10.5, 5.75], "texture": "#0"},
				"down": {"uv": [11.75, 8.25, 10.5, 8.5], "texture": "#0"}
			}
		},
		{
			"from": [0, 2, 7],
			"to": [16, 4, 9],
			"rotation": {"angle": 0, "axis": "y", "origin": [8, 9, 8]},
			"faces": {
				"north": {"uv": [4, 0, 8, 0.5], "texture": "#0"},
				"east": {"uv": [10.75, 7, 11.25, 7.5], "texture": "#0"},
				"south": {"uv": [4, 0.5, 8, 1], "texture": "#0"},
				"west": {"uv": [10.75, 7.5, 11.25, 8], "texture": "#0"},
				"up": {"uv": [8, 1.5, 4, 1], "texture": "#0"},
				"down": {"uv": [8, 1.5, 4, 2], "texture": "#0"}
			}
		},
		{
			"from": [14, 8, 7],
			"to": [16, 12, 9],
			"rotation": {"angle": 0, "axis": "y", "origin": [8, 9, 8]},
			"faces": {
				"north": {"uv": [9, 9.75, 9.5, 10.75], "texture": "#0"},
				"east": {"uv": [9.5, 9.75, 10, 10.75], "texture": "#0"},
				"south": {"uv": [10, 0.5, 10.5, 1.5], "texture": "#0"},
				"west": {"uv": [10, 1.5, 10.5, 2.5], "texture": "#0"},
				"up": {"uv": [11.25, 9.25, 10.75, 8.75], "texture": "#0"},
				"down": {"uv": [9.5, 10.75, 9, 11.25], "texture": "#0"}
			}
		},
		{
			"from": [0.25, 12, 7],
			"to": [15.75, 16, 9],
			"rotation": {"angle": 0, "axis": "y", "origin": [8, 9, 8]},
			"faces": {
				"north": {"uv": [0, 0, 4, 1], "texture": "#0"},
				"east": {"uv": [10, 2.5, 10.5, 3.5], "texture": "#0"},
				"south": {"uv": [0, 1, 4, 2], "texture": "#0"},
				"west": {"uv": [3, 10, 3.5, 11], "texture": "#0"},
				"up": {"uv": [7, 4.5, 3, 4], "texture": "#0"},
				"down": {"uv": [4, 4.5, 0, 5], "texture": "#0"}
			}
		},
		{
			"from": [0, 8, 7],
			"to": [2, 12, 9],
			"rotation": {"angle": 0, "axis": "y", "origin": [8, 9, 8]},
			"faces": {
				"north": {"uv": [10, 4, 10.5, 5], "texture": "#0"},
				"east": {"uv": [5, 10, 5.5, 11], "texture": "#0"},
				"south": {"uv": [10, 5, 10.5, 6], "texture": "#0"},
				"west": {"uv": [10, 9.75, 10.5, 10.75], "texture": "#0"},
				"up": {"uv": [11.25, 9.75, 10.75, 9.25], "texture": "#0"},
				"down": {"uv": [10, 10.75, 9.5, 11.25], "texture": "#0"}
			}
		},
		{
			"from": [9, 6.5, 7.25],
			"to": [11, 8.5, 8.75],
			"rotation": {"angle": -45, "axis": "z", "origin": [13, 9, 8]},
			"faces": {
				"north": {"uv": [10.75, 9.75, 11.25, 10.25], "texture": "#0"},
				"east": {"uv": [10, 10.75, 10.5, 11.25], "texture": "#0"},
				"south": {"uv": [10.75, 10.25, 11.25, 10.75], "texture": "#0"},
				"west": {"uv": [10.75, 10.75, 11.25, 11.25], "texture": "#0"},
				"up": {"uv": [11.5, 0.5, 11, 0], "texture": "#0"},
				"down": {"uv": [1, 11, 0.5, 11.5], "texture": "#0"}
			}
		},
		{
			"from": [8, 4, 7],
			"to": [16, 8, 9],
			"rotation": {"angle": 0, "axis": "y", "origin": [15, 12, 8]},
			"faces": {
				"north": {"uv": [4, 4.5, 6, 5.5], "texture": "#0"},
				"east": {"uv": [6.5, 10.25, 7, 11.25], "texture": "#0"},
				"south": {"uv": [0, 5, 2, 6], "texture": "#0"},
				"west": {"uv": [7, 10.25, 7.5, 11.25], "texture": "#0"},
				"up": {"uv": [10, 1, 8, 0.5], "texture": "#0"},
				"down": {"uv": [10, 1, 8, 1.5], "texture": "#0"}
			}
		},
		{
			"from": [2, 8, 7],
			"to": [14, 12, 9],
			"rotation": {"angle": 0, "axis": "y", "origin": [1, 12, 8]},
			"faces": {
				"north": {"uv": [3, 2, 6, 3], "texture": "#0"},
				"east": {"uv": [7.5, 10.25, 8, 11.25], "texture": "#0"},
				"south": {"uv": [3, 3, 6, 4], "texture": "#0"},
				"west": {"uv": [8, 10.25, 8.5, 11.25], "texture": "#0"},
				"up": {"uv": [9.5, 7, 6.5, 6.5], "texture": "#0"},
				"down": {"uv": [5.5, 7, 2.5, 7.5], "texture": "#0"}
			}
		},
		{
			"from": [0, 4, 7],
			"to": [8, 8, 9],
			"rotation": {"angle": 0, "axis": "y", "origin": [1, 12, 8]},
			"faces": {
				"north": {"uv": [2, 5, 4, 6], "texture": "#0"},
				"east": {"uv": [8.5, 10.25, 9, 11.25], "texture": "#0"},
				"south": {"uv": [4, 5.5, 6, 6.5], "texture": "#0"},
				"west": {"uv": [10.25, 8.75, 10.75, 9.75], "texture": "#0"},
				"up": {"uv": [10, 2, 8, 1.5], "texture": "#0"},
				"down": {"uv": [8.5, 8, 6.5, 8.5], "texture": "#0"}
			}
		},
		{
			"from": [16, 6, 7],
			"to": [18, 12, 9],
			"rotation": {"angle": 0, "axis": "y", "origin": [8, 9, 8]},
			"faces": {
				"north": {"uv": [2, 9.5, 2.5, 11], "texture": "#0"},
				"east": {"uv": [9.5, 4.5, 10, 6], "texture": "#0"},
				"south": {"uv": [5.5, 9.5, 6, 11], "texture": "#0"},
				"west": {"uv": [6, 9.5, 6.5, 11], "texture": "#0"},
				"up": {"uv": [1.5, 11.5, 1, 11], "texture": "#0"},
				"down": {"uv": [2, 11, 1.5, 11.5], "texture": "#0"}
			}
		},
		{
			"from": [2, 16, 7],
			"to": [14, 18, 9],
			"rotation": {"angle": 0, "axis": "y", "origin": [8, 9, 8]},
			"faces": {
				"north": {"uv": [7, 4, 10, 4.5], "texture": "#0"},
				"east": {"uv": [2, 11, 2.5, 11.5], "texture": "#0"},
				"south": {"uv": [6.5, 7, 9.5, 7.5], "texture": "#0"},
				"west": {"uv": [3, 11, 3.5, 11.5], "texture": "#0"},
				"up": {"uv": [5.5, 8, 2.5, 7.5], "texture": "#0"},
				"down": {"uv": [9.5, 7.5, 6.5, 8], "texture": "#0"}
			}
		},
		{
			"from": [0.25, 7.75, 9],
			"to": [1.25, 9.75, 25],
			"rotation": {"angle": 0, "axis": "y", "origin": [0.25, -1.25, 0]},
			"faces": {
				"north": {"uv": [6.25, 11, 6.5, 11.5], "texture": "#1"},
				"east": {"uv": [0, 6, 4, 6.5], "texture": "#1"},
				"south": {"uv": [11.25, 4, 11.5, 4.5], "texture": "#1"},
				"west": {"uv": [6, 2, 10, 2.5], "texture": "#1"},
				"up": {"uv": [4.25, 12, 4, 8], "texture": "#1"},
				"down": {"uv": [4.5, 8, 4.25, 12], "texture": "#1"}
			}
		},
		{
			"from": [14.75, 7.75, 9],
			"to": [15.75, 9.75, 25],
			"rotation": {"angle": 0, "axis": "y", "origin": [15.75, -1.25, 0]},
			"faces": {
				"north": {"uv": [11.25, 4.5, 11.5, 5], "texture": "#1"},
				"east": {"uv": [6, 2.5, 10, 3], "texture": "#1"},
				"south": {"uv": [5, 11.25, 5.25, 11.75], "texture": "#1"},
				"west": {"uv": [6, 3, 10, 3.5], "texture": "#1"},
				"up": {"uv": [4.75, 12, 4.5, 8], "texture": "#1"},
				"down": {"uv": [5, 8, 4.75, 12], "texture": "#1"}
			}
		},
		{
			"from": [0.25, 7.75, 24],
			"to": [15, 9.75, 25],
			"rotation": {"angle": 0, "axis": "y", "origin": [8, 1.75, 25.5]},
			"faces": {
				"north": {"uv": [10.5, 0.5, 11.5, 1], "texture": "#1"},
				"east": {"uv": [11.25, 5, 11.5, 5.5], "texture": "#1"},
				"south": {"uv": [10.5, 1, 11.5, 1.5], "texture": "#1"},
				"west": {"uv": [5.25, 11.25, 5.5, 11.75], "texture": "#1"},
				"up": {"uv": [6, 11.25, 5, 11], "texture": "#1"},
				"down": {"uv": [12, 6, 11, 6.25], "texture": "#1"}
			}
		},
		{
			"from": [12, 7.75, 24],
			"to": [15.75, 9.75, 25],
			"rotation": {"angle": 0, "axis": "y", "origin": [8, 1.75, 25.5]},
			"faces": {
				"north": {"uv": [10.5, 1.5, 11.5, 2], "texture": "#1"},
				"east": {"uv": [6.5, 11.25, 6.75, 11.75], "texture": "#1"},
				"south": {"uv": [10.5, 2, 11.5, 2.5], "texture": "#1"},
				"west": {"uv": [6.75, 11.25, 7, 11.75], "texture": "#1"},
				"up": {"uv": [12, 6.5, 11, 6.25], "texture": "#1"},
				"down": {"uv": [12, 6.5, 11, 6.75], "texture": "#1"}
			}
		}
	],
	"display": {
		"thirdperson_righthand": {
			"rotation": [76.37, -25.63, -2.87],
			"translation": [1.5, 0.5, 2],
			"scale": [0.39844, 0.39844, 0.39844]
		},
		"thirdperson_lefthand": {
			"rotation": [76.37, -25.63, -2.87],
			"translation": [1.5, 0.5, 2],
			"scale": [0.39844, 0.39844, 0.39844]
		},
		"firstperson_righthand": {
			"rotation": [162.11, 52.75, -166.71],
			"translation": [1.5, 5, -1.5],
			"scale": [0.46875, 0.46875, 0.46875]
		},
		"firstperson_lefthand": {
			"rotation": [162.11, 52.75, -166.71],
			"translation": [1.5, 5, -1.5],
			"scale": [0.46875, 0.46875, 0.46875]
		},
		"ground": {
			"rotation": [30.96, -0.53, -1.95],
			"translation": [0, 10, -5.25],
			"scale": [0.68555, 0.68555, 0.68555]
		},
		"gui": {
			"rotation": [-154.82, 47.29, 179.22],
			"translation": [-2.25, 0.5, 0],
			"scale": [0.44922, 0.44922, 0.44922]
		},
		"head": {
			"translation": [0, -0.25, -7.25],
			"scale": [0.91992, 0.91992, 0.84961]
		},
		"fixed": {
			"translation": [0, 0, -1.5],
			"scale": [1.33008, 1.33008, 1.33008]
		}
	},
	"groups": [
		{
			"name": "group",
			"origin": [12.64944, 15.70833, 8],
			"color": 0,
			"children": [0, 1, 2, 3]
		},
		{
			"name": "group",
			"origin": [15.5, 4.25, 11.25],
			"color": 0,
			"children": [4, 5, 6, 7, 8, 9, 10, 11, 12, 13, 14, 15, 16, 17, 18, 19]
		},
		{
			"name": "group",
			"origin": [15.5, 3.75, 11.25],
			"color": 0,
			"children": [20, 21, 22, 23]
		}
	]
}