{
	"credit": "Made with Blockbench",
	"texture_size": [8, 8],
	"textures": {
		"0": "magiccosmetics:item/noya_horn/yanduk",
		"2": "magiccosmetics:item/noya_horn/tanduk",
		"3": "magiccosmetics:item/noya_horn/matatelinga",
		"particle": "magiccosmetics:item/noya_horn/yanduk"
	},
	"elements": [
		{
			"from": [2.3, 2.7, 5.7],
			"to": [3.8, 6, 7.9],
			"rotation": {"angle": 0, "axis": "x", "origin": [-6.6, -3.6, 2.2]},
			"faces": {
				"north": {"uv": [11, 8, 13, 11], "texture": "#0"},
				"east": {"uv": [2, 12, 0, 15], "texture": "#0"},
				"south": {"uv": [10, 11, 12, 15], "texture": "#0"},
				"west": {"uv": [0, 12, 2, 15], "texture": "#0"},
				"up": {"uv": [6, 14, 4, 12], "texture": "#0"},
				"down": {"uv": [14, 11, 12, 13], "texture": "#0"}
			}
		},
		{
			"from": [1.8, -5.9, 9],
			"to": [4.3, -1.6, 12.6],
			"rotation": {"angle": -45, "axis": "x", "origin": [-6.6, -3.6, 2.2]},
			"faces": {
				"north": {"uv": [7.0125, 3.625, 10.2375, 9.225], "texture": "#2"},
				"east": {"uv": [10.4125, 3.3875, 13.7375, 8.6625], "texture": "#2"},
				"south": {"uv": [7.0125, 3.625, 10.2375, 9.25], "texture": "#2"},
				"west": {"uv": [10.3875, 3.3875, 13.7375, 8.6625], "texture": "#2"},
				"up": {"uv": [6.5, 3.75, 4, 0], "texture": "#2"},
				"down": {"uv": [9.4625, 3.9625, 6.9625, 7.7125], "texture": "#2"}
			}
		},
		{
			"from": [9, 6.8, 2.2],
			"to": [10.2, 10.1, 3.6],
			"rotation": {"angle": 22.5, "axis": "x", "origin": [-0.1, -3.6, 2.2]},
			"faces": {
				"north": {"uv": [13, 2, 14, 5], "texture": "#0"},
				"east": {"uv": [13, 5, 14, 8], "texture": "#0"},
				"south": {"uv": [6, 13, 7, 16], "texture": "#0"},
				"west": {"uv": [7, 13, 8, 16], "texture": "#0"},
				"up": {"uv": [9, 10, 8, 9], "texture": "#0"},
				"down": {"uv": [9, 10, 8, 11], "texture": "#0"}
			}
		},
		{
			"from": [2.4, 6.8, 2.2],
			"to": [3.6, 10.1, 3.6],
			"rotation": {"angle": 22.5, "axis": "x", "origin": [-0.1, -3.6, 2.2]},
			"faces": {
				"north": {"uv": [13, 2, 14, 5], "texture": "#0"},
				"east": {"uv": [13, 5, 14, 8], "texture": "#0"},
				"south": {"uv": [6, 13, 7, 16], "texture": "#0"},
				"west": {"uv": [7, 13, 8, 16], "texture": "#0"},
				"up": {"uv": [9, 10, 8, 9], "texture": "#0"},
				"down": {"uv": [9, 10, 8, 11], "texture": "#0"}
			}
		},
		{
			"from": [8.3, -5.9, 9],
			"to": [10.8, -1.6, 12.6],
			"rotation": {"angle": -45, "axis": "x", "origin": [-0.1, -3.6, 2.2]},
			"faces": {
				"north": {"uv": [7.0125, 3.625, 10.25, 9.25], "texture": "#2"},
				"east": {"uv": [10.4125, 3.3875, 13.7375, 8.6625], "texture": "#2"},
				"south": {"uv": [7.0125, 3.625, 10.2375, 9.25], "texture": "#2"},
				"west": {"uv": [10.3875, 3.3875, 13.7375, 8.6625], "texture": "#2"},
				"up": {"uv": [6.5, 3.75, 4, 0], "texture": "#2"},
				"down": {"uv": [9.525, 3.925, 7.025, 7.675], "texture": "#2"}
			}
		},
		{
			"from": [8.8, 2.7, 5.7],
			"to": [10.3, 6, 7.9],
			"rotation": {"angle": 0, "axis": "x", "origin": [-0.1, -3.6, 2.2]},
			"faces": {
				"north": {"uv": [11.1, 8, 13, 11], "texture": "#0"},
				"east": {"uv": [2, 12, 0, 15], "texture": "#0"},
				"south": {"uv": [10, 11, 12, 15], "texture": "#0"},
				"west": {"uv": [0, 12, 2, 15], "texture": "#0"},
				"up": {"uv": [6, 14, 4, 12], "texture": "#0"},
				"down": {"uv": [14, 11, 12, 13], "texture": "#0"}
			}
		},
		{
			"from": [1.5, -3.3, 10.5],
			"to": [2.7, -1.3, 12.5],
			"rotation": {"angle": -22.5, "axis": "y", "origin": [2.1, -2.4, 11.6]},
			"faces": {
				"north": {"uv": [0, 0, 2, 4], "texture": "#3"},
				"east": {"uv": [0, 0, 4, 4], "texture": "#3"},
				"south": {"uv": [0, 0, 2, 4], "texture": "#3"},
				"west": {"uv": [0, 0, 4, 4], "texture": "#3"},
				"up": {"uv": [0, 0, 4, 2], "rotation": 90, "texture": "#3"},
				"down": {"uv": [0, 0, 4, 2], "rotation": 270, "texture": "#3"}
			}
		},
		{
			"from": [1.5, -2.3, 12.5],
			"to": [2.5, -1.3, 13.5],
			"rotation": {"angle": -22.5, "axis": "y", "origin": [2.1, -2.4, 11.6]},
			"faces": {
				"north": {"uv": [0, 0, 2, 2], "texture": "#3"},
				"east": {"uv": [0, 0, 2, 2], "texture": "#3"},
				"south": {"uv": [0, 0, 2, 2], "texture": "#3"},
				"west": {"uv": [0, 0, 2, 2], "texture": "#3"},
				"up": {"uv": [0, 0, 2, 2], "rotation": 90, "texture": "#3"},
				"down": {"uv": [0, 0, 2, 2], "rotation": 270, "texture": "#3"}
			}
		},
		{
			"from": [10, -3.3, 10.4],
			"to": [11, -1.3, 12.4],
			"rotation": {"angle": 22.5, "axis": "y", "origin": [11, -2.3, 11.4]},
			"faces": {
				"north": {"uv": [0, 0, 2, 4], "texture": "#3"},
				"east": {"uv": [0, 0, 4, 4], "texture": "#3"},
				"south": {"uv": [0, 0, 2, 4], "texture": "#3"},
				"west": {"uv": [0, 0, 4, 4], "texture": "#3"},
				"up": {"uv": [0, 0, 4, 2], "rotation": 90, "texture": "#3"},
				"down": {"uv": [0, 0, 4, 2], "rotation": 270, "texture": "#3"}
			}
		},
		{
			"from": [10, -2.3, 12.4],
			"to": [11, -1.3, 13.4],
			"rotation": {"angle": 22.5, "axis": "y", "origin": [11, -2.3, 11.4]},
			"faces": {
				"north": {"uv": [0, 0, 2, 2], "texture": "#3"},
				"east": {"uv": [0, 0, 2, 2], "texture": "#3"},
				"south": {"uv": [0, 0, 2, 2], "texture": "#3"},
				"west": {"uv": [0, 0, 2, 2], "texture": "#3"},
				"up": {"uv": [0, 0, 2, 2], "rotation": 90, "texture": "#3"},
				"down": {"uv": [0, 0, 2, 2], "rotation": 270, "texture": "#3"}
			}
		}
	],
	"display": {
		"thirdperson_lefthand": {
			"rotation": [-4, 0, 0],
			"translation": [-11, 1, 1],
			"scale": [0.9375, 0.98633, 0.99609]
		},
		"firstperson_righthand": {
			"translation": [3.5, 4.5, 0],
			"scale": [0.76367, 0.79492, 1]
		},
		"firstperson_lefthand": {
			"translation": [0, 3.5, 0]
		},
		"gui": {
			"rotation": [-167.75, 23.5, -180],
			"translation": [-1.75, 4, 0]
		},
		"head": {
			"rotation": [0.5, 0, 0],
			"translation": [2.5, 16.25, -7.25],
			"scale": [1.47461, 1.67578, 1.6289]
		}
	}
}