{
	"credit": "Made with Blockbench",
	"texture_size": [32, 32],
	"textures": {
		"0": "magiccosmetics:item/omend/moend",
		"particle": "magiccosmetics:item/omend/moend"
	},
	"elements": [
		{
			"from": [4.25, 2.5, 7.05],
			"to": [6.25, 4.5, 8.05],
			"rotation": {"angle": 0, "axis": "y", "origin": [6, 0.75, 8.55]},
			"faces": {
				"north": {"uv": [5, 10, 6, 11], "texture": "#0"},
				"east": {"uv": [12, 6, 12.5, 7], "texture": "#0"},
				"south": {"uv": [6, 10, 7, 11], "texture": "#0"},
				"west": {"uv": [12, 8, 12.5, 9], "texture": "#0"},
				"up": {"uv": [9.5, 5.5, 8.5, 5], "texture": "#0"},
				"down": {"uv": [10, 12, 9, 12.5], "texture": "#0"}
			}
		},
		{
			"from": [7.25, 2.5, 7.05],
			"to": [9.25, 4.5, 8.05],
			"rotation": {"angle": 0, "axis": "y", "origin": [6, 0.75, 8.55]},
			"faces": {
				"north": {"uv": [7, 10, 8, 11], "texture": "#0"},
				"east": {"uv": [12, 10.5, 12.5, 11.5], "texture": "#0"},
				"south": {"uv": [10, 7, 11, 8], "texture": "#0"},
				"west": {"uv": [12, 11.5, 12.5, 12.5], "texture": "#0"},
				"up": {"uv": [13, 9.5, 12, 9], "texture": "#0"},
				"down": {"uv": [13.5, 1.5, 12.5, 2], "texture": "#0"}
			}
		},
		{
			"from": [10.25, 2.5, 7.05],
			"to": [12.25, 4.5, 8.05],
			"rotation": {"angle": 0, "axis": "y", "origin": [6, 0.75, 8.55]},
			"faces": {
				"north": {"uv": [8, 10, 9, 11], "texture": "#0"},
				"east": {"uv": [1.5, 12.5, 2, 13.5], "texture": "#0"},
				"south": {"uv": [10, 9.5, 11, 10.5], "texture": "#0"},
				"west": {"uv": [12.5, 2, 13, 3], "texture": "#0"},
				"up": {"uv": [13.5, 3.5, 12.5, 3], "texture": "#0"},
				"down": {"uv": [13.5, 3.5, 12.5, 4], "texture": "#0"}
			}
		},
		{
			"from": [9.25, 3.5, 7.05],
			"to": [10.25, 4.5, 8.05],
			"rotation": {"angle": 0, "axis": "y", "origin": [6, 0.75, 8.55]},
			"faces": {
				"north": {"uv": [8.5, 7, 9, 7.5], "texture": "#0"},
				"east": {"uv": [11.5, 6, 12, 6.5], "texture": "#0"},
				"south": {"uv": [13, 9, 13.5, 9.5], "texture": "#0"},
				"west": {"uv": [13, 9.5, 13.5, 10], "texture": "#0"},
				"up": {"uv": [13.5, 10.5, 13, 10], "texture": "#0"},
				"down": {"uv": [13.5, 10.5, 13, 11], "texture": "#0"}
			}
		},
		{
			"from": [6.25, 3.5, 7.05],
			"to": [7.25, 4.5, 8.05],
			"rotation": {"angle": 0, "axis": "y", "origin": [6, 0.75, 8.55]},
			"faces": {
				"north": {"uv": [13, 11, 13.5, 11.5], "texture": "#0"},
				"east": {"uv": [13, 11.5, 13.5, 12], "texture": "#0"},
				"south": {"uv": [12, 13, 12.5, 13.5], "texture": "#0"},
				"west": {"uv": [13, 12, 13.5, 12.5], "texture": "#0"},
				"up": {"uv": [13, 13.5, 12.5, 13], "texture": "#0"},
				"down": {"uv": [13.5, 12.5, 13, 13], "texture": "#0"}
			}
		},
		{
			"from": [9.7, 8.1, 7.125],
			"to": [13, 10.1, 8.125],
			"rotation": {"angle": 0, "axis": "y", "origin": [11.6, 8.8, 7.4625]},
			"faces": {
				"north": {"uv": [2, 6, 3.5, 7], "texture": "#0"},
				"east": {"uv": [12.5, 4, 13, 5], "texture": "#0"},
				"south": {"uv": [2, 7, 3.5, 8], "texture": "#0"},
				"west": {"uv": [4.5, 12.5, 5, 13.5], "texture": "#0"},
				"up": {"uv": [12.5, 2, 11, 1.5], "texture": "#0"},
				"down": {"uv": [12.5, 2, 11, 2.5], "texture": "#0"}
			}
		},
		{
			"from": [10.901, 4.01105, 7.126],
			"to": [12.299, 6.40905, 7.549],
			"rotation": {"angle": -45, "axis": "z", "origin": [11.6, 5.71005, 7.4625]},
			"faces": {
				"north": {"uv": [12.5, 6, 13, 7], "texture": "#0"},
				"east": {"uv": [12.5, 7, 13, 8], "texture": "#0"},
				"south": {"uv": [8, 12.5, 8.5, 13.5], "texture": "#0"},
				"west": {"uv": [12.5, 8, 13, 9], "texture": "#0"},
				"up": {"uv": [13.5, 13.5, 13, 13], "texture": "#0"},
				"down": {"uv": [14, 0, 13.5, 0.5], "texture": "#0"}
			}
		},
		{
			"from": [8.06005, 4.06005, 7.125],
			"to": [10.86005, 5.71005, 8.125],
			"rotation": {"angle": 0, "axis": "y", "origin": [7.46005, 7.46005, 7.4625]},
			"faces": {
				"north": {"uv": [4.5, 7.5, 6, 8.5], "texture": "#0"},
				"east": {"uv": [8.5, 12.5, 9, 13.5], "texture": "#0"},
				"south": {"uv": [6, 7.5, 7.5, 8.5], "texture": "#0"},
				"west": {"uv": [9, 12.5, 9.5, 13.5], "texture": "#0"},
				"up": {"uv": [6.5, 11.5, 5, 11], "texture": "#0"},
				"down": {"uv": [8, 11, 6.5, 11.5], "texture": "#0"}
			}
		},
		{
			"from": [7.576, 4.01105, 7.126],
			"to": [8.724, 7.15905, 8.124],
			"rotation": {"angle": -45, "axis": "z", "origin": [11.6, 5.71005, 7.4625]},
			"faces": {
				"north": {"uv": [1.5, 11, 2, 12.5], "texture": "#0"},
				"east": {"uv": [8, 11, 8.5, 12.5], "texture": "#0"},
				"south": {"uv": [8.5, 11, 9, 12.5], "texture": "#0"},
				"west": {"uv": [10, 11, 10.5, 12.5], "texture": "#0"},
				"up": {"uv": [14, 1, 13.5, 0.5], "texture": "#0"},
				"down": {"uv": [2, 13.5, 1.5, 14], "texture": "#0"}
			}
		},
		{
			"from": [7.276, 4.01105, 7.126],
			"to": [8.424, 7.15905, 8.124],
			"rotation": {"angle": 45, "axis": "z", "origin": [4.4, 5.71005, 7.4625]},
			"faces": {
				"north": {"uv": [10.5, 11, 11, 12.5], "texture": "#0"},
				"east": {"uv": [11, 11, 11.5, 12.5], "texture": "#0"},
				"south": {"uv": [2, 11.5, 2.5, 13], "texture": "#0"},
				"west": {"uv": [2.5, 11.5, 3, 13], "texture": "#0"},
				"up": {"uv": [14, 2, 13.5, 1.5], "texture": "#0"},
				"down": {"uv": [14, 2, 13.5, 2.5], "texture": "#0"}
			}
		},
		{
			"from": [3.701, 4.01105, 7.126],
			"to": [5.099, 6.40905, 8.124],
			"rotation": {"angle": 45, "axis": "z", "origin": [4.4, 5.71005, 7.4625]},
			"faces": {
				"north": {"uv": [9.5, 12.5, 10, 13.5], "texture": "#0"},
				"east": {"uv": [12.5, 9.5, 13, 10.5], "texture": "#0"},
				"south": {"uv": [10, 12.5, 10.5, 13.5], "texture": "#0"},
				"west": {"uv": [10.5, 12.5, 11, 13.5], "texture": "#0"},
				"up": {"uv": [14, 3, 13.5, 2.5], "texture": "#0"},
				"down": {"uv": [14, 3, 13.5, 3.5], "texture": "#0"}
			}
		},
		{
			"from": [5.13995, 4.06005, 7.125],
			"to": [7.93995, 5.71005, 8.125],
			"rotation": {"angle": 0, "axis": "y", "origin": [8.53995, 7.46005, 7.4625]},
			"faces": {
				"north": {"uv": [7.5, 7.5, 9, 8.5], "texture": "#0"},
				"east": {"uv": [12.5, 10.5, 13, 11.5], "texture": "#0"},
				"south": {"uv": [2, 8, 3.5, 9], "texture": "#0"},
				"west": {"uv": [11, 12.5, 11.5, 13.5], "texture": "#0"},
				"up": {"uv": [12.5, 7.5, 11, 7], "texture": "#0"},
				"down": {"uv": [12.5, 7.5, 11, 8], "texture": "#0"}
			}
		},
		{
			"from": [7.3, 4.64779, 7.0375],
			"to": [8.7, 7.29779, 8.0375],
			"rotation": {"angle": 0, "axis": "z", "origin": [8, 7.97279, 7.5]},
			"faces": {
				"north": {"uv": [11.5, 2.5, 12, 4], "texture": "#0"},
				"east": {"uv": [3, 11.5, 3.5, 13], "texture": "#0"},
				"south": {"uv": [3.5, 11.5, 4, 13], "texture": "#0"},
				"west": {"uv": [4, 11.5, 4.5, 13], "texture": "#0"},
				"up": {"uv": [14, 4, 13.5, 3.5], "texture": "#0"},
				"down": {"uv": [14, 4, 13.5, 4.5], "texture": "#0"}
			}
		},
		{
			"from": [7.25, 7, 7.05],
			"to": [8.75, 8.5, 8.05],
			"rotation": {"angle": 0, "axis": "y", "origin": [6, 0.75, 8.55]},
			"faces": {
				"north": {"uv": [2, 10.5, 3, 11.5], "texture": "#0"},
				"east": {"uv": [11.5, 12.5, 12, 13.5], "texture": "#0"},
				"south": {"uv": [10.5, 2.5, 11.5, 3.5], "texture": "#0"},
				"west": {"uv": [12.5, 11.5, 13, 12.5], "texture": "#0"},
				"up": {"uv": [13.5, 5.5, 12.5, 5], "texture": "#0"},
				"down": {"uv": [13, 12.5, 12, 13], "texture": "#0"}
			}
		},
		{
			"from": [3, 4.5, 7.05],
			"to": [13, 5.75, 8.05],
			"rotation": {"angle": 0, "axis": "y", "origin": [6, 0.75, 8.55]},
			"faces": {
				"north": {"uv": [0, 3, 5, 4], "texture": "#0"},
				"east": {"uv": [0, 13, 0.5, 14], "texture": "#0"},
				"south": {"uv": [0, 4, 5, 5], "texture": "#0"},
				"west": {"uv": [13, 0, 13.5, 1], "texture": "#0"},
				"up": {"uv": [10, 3.5, 5, 3], "texture": "#0"},
				"down": {"uv": [8.5, 5, 3.5, 5.5], "texture": "#0"}
			}
		},
		{
			"from": [11.6, 5.7, 7.125],
			"to": [13, 8.1, 8.125],
			"rotation": {"angle": 0, "axis": "z", "origin": [11.6, 8.8, 7.4625]},
			"faces": {
				"north": {"uv": [0.5, 13, 1, 14], "texture": "#0"},
				"east": {"uv": [1, 13, 1.5, 14], "texture": "#0"},
				"south": {"uv": [2, 13, 2.5, 14], "texture": "#0"},
				"west": {"uv": [13, 2, 13.5, 3], "texture": "#0"},
				"up": {"uv": [5, 14, 4.5, 13.5], "texture": "#0"},
				"down": {"uv": [14, 4.5, 13.5, 5], "texture": "#0"}
			}
		},
		{
			"from": [3, 5.7, 7.125],
			"to": [4.4, 8.1, 8.125],
			"rotation": {"angle": 0, "axis": "z", "origin": [4.4, 8.8, 7.4625]},
			"faces": {
				"north": {"uv": [2.5, 13, 3, 14], "texture": "#0"},
				"east": {"uv": [3, 13, 3.5, 14], "texture": "#0"},
				"south": {"uv": [3.5, 13, 4, 14], "texture": "#0"},
				"west": {"uv": [4, 13, 4.5, 14], "texture": "#0"},
				"up": {"uv": [14, 5.5, 13.5, 5], "texture": "#0"},
				"down": {"uv": [14, 5.5, 13.5, 6], "texture": "#0"}
			}
		},
		{
			"from": [3, 8.1, 7.125],
			"to": [9.8, 10.1, 8.125],
			"rotation": {"angle": 0, "axis": "y", "origin": [4.4, 8.8, 7.4625]},
			"faces": {
				"north": {"uv": [4, 0, 7.5, 1], "texture": "#0"},
				"east": {"uv": [13, 4, 13.5, 5], "texture": "#0"},
				"south": {"uv": [4, 1, 7.5, 2], "texture": "#0"},
				"west": {"uv": [5, 13, 5.5, 14], "texture": "#0"},
				"up": {"uv": [11, 1, 7.5, 0.5], "texture": "#0"},
				"down": {"uv": [11, 1, 7.5, 1.5], "texture": "#0"}
			}
		},
		{
			"from": [4.6, 10.1, 7.0375],
			"to": [11.4, 12.1, 8.0375],
			"rotation": {"angle": 0, "axis": "y", "origin": [8, 9.1, 8]},
			"faces": {
				"north": {"uv": [4, 2, 7.5, 3], "texture": "#0"},
				"east": {"uv": [5.5, 13, 6, 14], "texture": "#0"},
				"south": {"uv": [0, 5, 3.5, 6], "texture": "#0"},
				"west": {"uv": [13, 5.5, 13.5, 6.5], "texture": "#0"},
				"up": {"uv": [11, 2, 7.5, 1.5], "texture": "#0"},
				"down": {"uv": [11, 2, 7.5, 2.5], "texture": "#0"}
			}
		},
		{
			"from": [3.98, 9.04062, 5.1458],
			"to": [5.9, 11.92062, 7.0658],
			"rotation": {"angle": -45, "axis": "x", "origin": [7.5, 11.75039, 6.36]},
			"faces": {
				"north": {"uv": [4.5, 8.5, 5.5, 10], "texture": "#0"},
				"east": {"uv": [5.5, 8.5, 6.5, 10], "texture": "#0"},
				"south": {"uv": [6.5, 8.5, 7.5, 10], "texture": "#0"},
				"west": {"uv": [7.5, 8.5, 8.5, 10], "texture": "#0"},
				"up": {"uv": [4.5, 11.5, 3.5, 10.5], "texture": "#0"},
				"down": {"uv": [11.5, 3.5, 10.5, 4.5], "texture": "#0"}
			}
		},
		{
			"from": [4.46, 11.58077, 5.62894],
			"to": [5.42, 14.46077, 6.58894],
			"rotation": {"angle": -22.5, "axis": "x", "origin": [7.5, 11.75039, 6.36]},
			"faces": {
				"north": {"uv": [11.5, 4, 12, 5.5], "texture": "#0"},
				"east": {"uv": [5, 11.5, 5.5, 13], "texture": "#0"},
				"south": {"uv": [5.5, 11.5, 6, 13], "texture": "#0"},
				"west": {"uv": [6, 11.5, 6.5, 13], "texture": "#0"},
				"up": {"uv": [6.5, 14, 6, 13.5], "texture": "#0"},
				"down": {"uv": [14, 6, 13.5, 6.5], "texture": "#0"}
			}
		},
		{
			"from": [10.1, 9.04062, 5.1458],
			"to": [12.02, 11.92062, 7.0658],
			"rotation": {"angle": -45, "axis": "x", "origin": [8.5, 11.75039, 6.36]},
			"faces": {
				"north": {"uv": [5.5, 8.5, 4.5, 10], "texture": "#0"},
				"east": {"uv": [8.5, 8.5, 7.5, 10], "texture": "#0"},
				"south": {"uv": [7.5, 8.5, 6.5, 10], "texture": "#0"},
				"west": {"uv": [6.5, 8.5, 5.5, 10], "texture": "#0"},
				"up": {"uv": [3.5, 11.5, 4.5, 10.5], "texture": "#0"},
				"down": {"uv": [10.5, 3.5, 11.5, 4.5], "texture": "#0"}
			}
		},
		{
			"from": [10.58, 11.58077, 5.62894],
			"to": [11.54, 14.46077, 6.58894],
			"rotation": {"angle": -22.5, "axis": "x", "origin": [8.5, 11.75039, 6.36]},
			"faces": {
				"north": {"uv": [12, 4, 11.5, 5.5], "texture": "#0"},
				"east": {"uv": [6.5, 11.5, 6, 13], "texture": "#0"},
				"south": {"uv": [6, 11.5, 5.5, 13], "texture": "#0"},
				"west": {"uv": [5.5, 11.5, 5, 13], "texture": "#0"},
				"up": {"uv": [6, 14, 6.5, 13.5], "texture": "#0"},
				"down": {"uv": [13.5, 6, 14, 6.5], "texture": "#0"}
			}
		},
		{
			"from": [4.25, 5.75, 7.55],
			"to": [11.75, 8.25, 8.05],
			"rotation": {"angle": 0, "axis": "y", "origin": [6, 0.75, 8.55]},
			"faces": {
				"north": {"uv": [0, 0, 4, 1.5], "texture": "#0"},
				"east": {"uv": [12, 2.5, 12.5, 4], "texture": "#0"},
				"south": {"uv": [0, 1.5, 4, 3], "texture": "#0"},
				"west": {"uv": [12, 4, 12.5, 5.5], "texture": "#0"},
				"up": {"uv": [8.5, 7.5, 4.5, 7], "texture": "#0"},
				"down": {"uv": [11.5, 0, 7.5, 0.5], "texture": "#0"}
			}
		},
		{
			"from": [3.35, 6.15, 8.1],
			"to": [3.95, 7.35, 17.7],
			"rotation": {"angle": 0, "axis": "y", "origin": [3.35, 1.75, 2.7]},
			"faces": {
				"north": {"uv": [7.5, 13.5, 8, 14], "texture": "#0"},
				"east": {"uv": [5, 3.5, 10, 4], "texture": "#0"},
				"south": {"uv": [8, 13.5, 8.5, 14], "texture": "#0"},
				"west": {"uv": [5, 4, 10, 4.5], "texture": "#0"},
				"up": {"uv": [4, 10.5, 3.5, 5.5], "texture": "#0"},
				"down": {"uv": [4.5, 5.5, 4, 10.5], "texture": "#0"}
			}
		},
		{
			"from": [3.35, 6.15, 17.1],
			"to": [12.6, 7.35, 17.7],
			"rotation": {"angle": 0, "axis": "y", "origin": [8, 3.55, 18]},
			"faces": {
				"north": {"uv": [13, 1, 14, 1.5], "texture": "#0"},
				"east": {"uv": [13.5, 9, 14, 9.5], "texture": "#0"},
				"south": {"uv": [6, 13, 7, 13.5], "texture": "#0"},
				"west": {"uv": [9.5, 13.5, 10, 14], "texture": "#0"},
				"up": {"uv": [14, 7, 13, 6.5], "texture": "#0"},
				"down": {"uv": [8, 13, 7, 13.5], "texture": "#0"}
			}
		},
		{
			"from": [10.4, 6.15, 17.1],
			"to": [12.65, 7.35, 17.7],
			"rotation": {"angle": 0, "axis": "y", "origin": [8, 3.55, 18]},
			"faces": {
				"north": {"uv": [13, 7, 14, 7.5], "texture": "#0"},
				"east": {"uv": [13.5, 10, 14, 10.5], "texture": "#0"},
				"south": {"uv": [13, 7.5, 14, 8], "texture": "#0"},
				"west": {"uv": [10.5, 13.5, 11, 14], "texture": "#0"},
				"up": {"uv": [14, 8.5, 13, 8], "texture": "#0"},
				"down": {"uv": [14, 8.5, 13, 9], "texture": "#0"}
			}
		},
		{
			"from": [12.05, 6.15, 8.1],
			"to": [12.65, 7.35, 17.7],
			"rotation": {"angle": 0, "axis": "y", "origin": [12.65, 1.75, 2.7]},
			"faces": {
				"north": {"uv": [8, 13.5, 7.5, 14], "texture": "#0"},
				"east": {"uv": [10, 4, 5, 4.5], "texture": "#0"},
				"south": {"uv": [8.5, 13.5, 8, 14], "texture": "#0"},
				"west": {"uv": [10, 3.5, 5, 4], "texture": "#0"},
				"up": {"uv": [3.5, 10.5, 4, 5.5], "texture": "#0"},
				"down": {"uv": [4, 5.5, 4.5, 10.5], "texture": "#0"}
			}
		}
	],
	"display": {
		"thirdperson_righthand": {
			"rotation": [76.37, -25.63, -2.87],
			"translation": [1.5, 0.75, 2],
			"scale": [0.59961, 0.59961, 0.59961]
		},
		"thirdperson_lefthand": {
			"rotation": [76.37, -25.63, -2.87],
			"translation": [1.5, 0.75, 2],
			"scale": [0.59961, 0.59961, 0.59961]
		},
		"firstperson_righthand": {
			"rotation": [173.29, 43.58, -170.31],
			"translation": [-0.25, 5, 0],
			"scale": [0.85547, 0.85547, 0.85547]
		},
		"firstperson_lefthand": {
			"rotation": [173.29, 43.58, -170.31],
			"translation": [-0.25, 5, 0],
			"scale": [0.85547, 0.85547, 0.85547]
		},
		"ground": {
			"rotation": [14.38, -0.22, -1.64],
			"translation": [0, 4.5, -3.25]
		},
		"gui": {
			"rotation": [-154.82, 47.29, 179.22],
			"translation": [-2.25, 0.5, 0],
			"scale": [0.8, 0.8, 0.8]
		},
		"head": {
			"translation": [0, 0.75, -6.5],
			"scale": [1.41992, 1.41992, 1.41992]
		},
		"fixed": {
			"translation": [0, 1.75, 0],
			"scale": [2.4082, 2.4082, 2.4082]
		}
	},
	"groups": [
		{
			"name": "group",
			"origin": [12.5, 4.75, 9.45],
			"color": 0,
			"children": [0, 1, 2, 3, 4, 5, 6, 7, 8, 9, 10, 11, 12, 13, 14, 15, 16, 17, 18, 19, 20, 21, 22, 23, 24, 25, 26, 27]
		},
		{
			"name": "group",
			"origin": [8, 7.97279, 8],
			"color": 0,
			"children": []
		}
	]
}