{
	"credit": "Made with Blockbench",
	"texture_size": [32, 32],
	"textures": {
		"0": "magiccosmetics:item/the_purge/texture",
		"particle": "magiccosmetics:item/the_purge/texture"
	},
	"elements": [
		{
			"from": [3, 0, 3],
			"to": [13, 10, 13],
			"rotation": {"angle": 0, "axis": "y", "origin": [8, 1, 8]},
			"faces": {
				"north": {"uv": [0, 0, 5, 5], "texture": "#0"},
				"east": {"uv": [0, 5, 5, 10], "texture": "#0"},
				"south": {"uv": [5, 0, 10, 5], "texture": "#0"},
				"west": {"uv": [5, 5, 10, 10], "texture": "#0"},
				"up": {"uv": [5, 15, 0, 10], "texture": "#0"},
				"down": {"uv": [15, 0, 10, 5], "texture": "#0"}
			}
		}
	],
	"display": {
		"thirdperson_righthand": {
			"rotation": [60.25, 0, 0],
			"translation": [0, 0.25, 1],
			"scale": [0.30859, 0.30859, 0.30859]
		},
		"thirdperson_lefthand": {
			"rotation": [60.25, 0, 0],
			"translation": [0, 0.25, 1],
			"scale": [0.30859, 0.30859, 0.30859]
		},
		"firstperson_righthand": {
			"translation": [0, 6.25, 0],
			"scale": [0.64453, 0.64453, 0.64453]
		},
		"firstperson_lefthand": {
			"translation": [0, 6.25, 0],
			"scale": [0.64453, 0.64453, 0.64453]
		},
		"ground": {
			"translation": [0, 5.25, 0],
			"scale": [0.80859, 0.80859, 0.80859]
		},
		"gui": {
			"rotation": [0, -180, 0],
			"translation": [0, 3.5, 0],
			"scale": [1.18164, 1.18164, 1.18164]
		},
		"head": {
			"translation": [0, 5, 0],
			"scale": [1.53125, 1.74218, 1.53125]
		},
		"fixed": {
			"rotation": [-44.25, 0, 0],
			"translation": [0, 5.25, -3],
			"scale": [1.71094, 1.71094, 1.71094]
		}
	}
}