{
	"credit": "Made with Blockbench",
	"texture_size": [32, 32],
	"textures": {
		"3": "magiccosmetics:item/ragnarok/main",
		"4": "magiccosmetics:item/ragnarok/tanduk",
		"5": "magiccosmetics:item/ragnarok/tali"
	},
	"elements": [
		{
			"from": [12, 12.2513, 1.72041],
			"to": [16, 18.2513, 5.72041],
			"rotation": {"angle": -45, "axis": "x", "origin": [15, 18.39664, 5]},
			"faces": {
				"north": {"uv": [0, 0, 2, 3], "texture": "#4"},
				"east": {"uv": [2, 0, 4, 3], "texture": "#4"},
				"south": {"uv": [0, 3, 2, 6], "texture": "#4"},
				"west": {"uv": [2, 3, 4, 6], "texture": "#4"},
				"up": {"uv": [6, 8, 4, 6], "texture": "#4"},
				"down": {"uv": [8, 6, 6, 8], "texture": "#4"}
			}
		},
		{
			"from": [12.75, 15.89431, 3.94433],
			"to": [15.25, 21.39431, 6.44433],
			"rotation": {"angle": 0, "axis": "x", "origin": [14, 17.8264, 5.40392]},
			"faces": {
				"north": {"uv": [4, 0, 5.5, 3], "texture": "#4"},
				"east": {"uv": [4, 3, 5.5, 6], "texture": "#4"},
				"south": {"uv": [5.5, 0, 7, 3], "texture": "#4"},
				"west": {"uv": [5.5, 3, 7, 6], "texture": "#4"},
				"up": {"uv": [8.5, 1.5, 7, 0], "texture": "#4"},
				"down": {"uv": [8.5, 1.5, 7, 3], "texture": "#4"}
			}
		},
		{
			"from": [0, 12.2513, 1.72041],
			"to": [4, 18.2513, 5.72041],
			"rotation": {"angle": -45, "axis": "x", "origin": [1, 18.39664, 5]},
			"faces": {
				"north": {"uv": [2, 0, 0, 3], "texture": "#4"},
				"east": {"uv": [4, 3, 2, 6], "texture": "#4"},
				"south": {"uv": [2, 3, 0, 6], "texture": "#4"},
				"west": {"uv": [4, 0, 2, 3], "texture": "#4"},
				"up": {"uv": [4, 8, 6, 6], "texture": "#4"},
				"down": {"uv": [6, 6, 8, 8], "texture": "#4"}
			}
		},
		{
			"from": [0.75, 15.89431, 3.94433],
			"to": [3.25, 21.39431, 6.44433],
			"rotation": {"angle": 0, "axis": "x", "origin": [2, 17.8264, 5.40392]},
			"faces": {
				"north": {"uv": [5.5, 0, 4, 3], "texture": "#4"},
				"east": {"uv": [7, 3, 5.5, 6], "texture": "#4"},
				"south": {"uv": [7, 0, 5.5, 3], "texture": "#4"},
				"west": {"uv": [5.5, 3, 4, 6], "texture": "#4"},
				"up": {"uv": [7, 1.5, 8.5, 0], "texture": "#4"},
				"down": {"uv": [7, 1.5, 8.5, 3], "texture": "#4"}
			}
		},
		{
			"from": [-2, 6, 7],
			"to": [0, 12, 9],
			"rotation": {"angle": 0, "axis": "y", "origin": [8, 9, 8]},
			"faces": {
				"north": {"uv": [3, 9, 3.5, 10.5], "texture": "#3"},
				"east": {"uv": [9, 6, 9.5, 7.5], "texture": "#3"},
				"south": {"uv": [8.5, 9, 9, 10.5], "texture": "#3"},
				"west": {"uv": [9, 9, 9.5, 10.5], "texture": "#3"},
				"up": {"uv": [2, 8.5, 1.5, 8], "texture": "#3"},
				"down": {"uv": [3, 11, 2.5, 11.5], "texture": "#3"}
			}
		},
		{
			"from": [2, 0, 7],
			"to": [14, 2, 9],
			"rotation": {"angle": 0, "axis": "y", "origin": [8, 9, 8]},
			"faces": {
				"north": {"uv": [4, 2.5, 7, 3], "texture": "#3"},
				"east": {"uv": [4, 11, 4.5, 11.5], "texture": "#3"},
				"south": {"uv": [4, 3, 7, 3.5], "texture": "#3"},
				"west": {"uv": [4.5, 11, 5, 11.5], "texture": "#3"},
				"up": {"uv": [7, 4, 4, 3.5], "texture": "#3"},
				"down": {"uv": [6, 4.5, 3, 5], "texture": "#3"}
			}
		},
		{
			"from": [2, 2, 7],
			"to": [14, 4, 7],
			"rotation": {"angle": 0, "axis": "y", "origin": [8, 9, 8]},
			"faces": {
				"north": {"uv": [3, 5, 6, 5.5], "texture": "#3"},
				"east": {"uv": [0, 0, 0, 0.5], "texture": "#3"},
				"south": {"uv": [3, 5.5, 6, 6], "texture": "#3"},
				"west": {"uv": [0, 0, 0, 0.5], "texture": "#3"},
				"up": {"uv": [3, 0, 0, 0], "texture": "#3"},
				"down": {"uv": [3, 0, 0, 0], "texture": "#3"}
			}
		},
		{
			"from": [2, 2, 9],
			"to": [14, 4, 9],
			"rotation": {"angle": 0, "axis": "y", "origin": [8, 9, 8]},
			"faces": {
				"north": {"uv": [3, 5, 6, 5.5], "texture": "#3"},
				"east": {"uv": [0, 0, 0, 0.5], "texture": "#3"},
				"south": {"uv": [3, 5.5, 6, 6], "texture": "#3"},
				"west": {"uv": [0, 0, 0, 0.5], "texture": "#3"},
				"up": {"uv": [3, 0, 0, 0], "texture": "#3"},
				"down": {"uv": [3, 0, 0, 0], "texture": "#3"}
			}
		},
		{
			"from": [2, 8, 9],
			"to": [14, 10, 9],
			"rotation": {"angle": 0, "axis": "y", "origin": [8, 9, 8]},
			"faces": {
				"north": {"uv": [6, 0, 9, 0.5], "texture": "#3"},
				"east": {"uv": [0, 0, 0, 0.5], "texture": "#3"},
				"south": {"uv": [6, 0.5, 9, 1], "texture": "#3"},
				"west": {"uv": [0, 0, 0, 0.5], "texture": "#3"},
				"up": {"uv": [3, 0, 0, 0], "texture": "#3"},
				"down": {"uv": [3, 0, 0, 0], "texture": "#3"}
			}
		},
		{
			"from": [10, 8, 7.5],
			"to": [14.5, 10, 7.75],
			"rotation": {"angle": 0, "axis": "y", "origin": [8, 9, 8]},
			"faces": {
				"north": {"uv": [6.5, 9.5, 7.75, 10], "texture": "#3"},
				"east": {"uv": [6.25, 10.25, 6.5, 10.75], "texture": "#3"},
				"south": {"uv": [9.5, 6.5, 10.75, 7], "texture": "#3"},
				"west": {"uv": [10.5, 8.5, 10.75, 9], "texture": "#3"},
				"up": {"uv": [12.25, 2.25, 11, 2], "texture": "#3"},
				"down": {"uv": [12.25, 2.25, 11, 2.5], "texture": "#3"}
			}
		},
		{
			"from": [1.5, 8, 7.5],
			"to": [6, 10, 7.75],
			"rotation": {"angle": 0, "axis": "y", "origin": [8, 9, 8]},
			"faces": {
				"north": {"uv": [9.5, 7, 10.75, 7.5], "texture": "#3"},
				"east": {"uv": [6, 11.25, 6.25, 11.75], "texture": "#3"},
				"south": {"uv": [9.5, 9, 10.75, 9.5], "texture": "#3"},
				"west": {"uv": [7.25, 11.5, 7.5, 12], "texture": "#3"},
				"up": {"uv": [12.25, 2.75, 11, 2.5], "texture": "#3"},
				"down": {"uv": [12.25, 2.75, 11, 3], "texture": "#3"}
			}
		},
		{
			"from": [14, 2, 7],
			"to": [16, 4, 9],
			"rotation": {"angle": 0, "axis": "y", "origin": [8, 9, 8]},
			"faces": {
				"north": {"uv": [11, 6, 11.5, 6.5], "texture": "#3"},
				"east": {"uv": [7.25, 11, 7.75, 11.5], "texture": "#3"},
				"south": {"uv": [11, 7.5, 11.5, 8], "texture": "#3"},
				"west": {"uv": [11, 8, 11.5, 8.5], "texture": "#3"},
				"up": {"uv": [10.75, 11.5, 10.25, 11], "texture": "#3"},
				"down": {"uv": [11.25, 11, 10.75, 11.5], "texture": "#3"}
			}
		},
		{
			"from": [14, 8, 7],
			"to": [16, 12, 9],
			"rotation": {"angle": 0, "axis": "y", "origin": [8, 9, 8]},
			"faces": {
				"north": {"uv": [7.25, 10, 7.75, 11], "texture": "#3"},
				"east": {"uv": [5.25, 10.25, 5.75, 11.25], "texture": "#3"},
				"south": {"uv": [5.75, 10.25, 6.25, 11.25], "texture": "#3"},
				"west": {"uv": [7.75, 10.25, 8.25, 11.25], "texture": "#3"},
				"up": {"uv": [11.75, 3.5, 11.25, 3], "texture": "#3"},
				"down": {"uv": [11.75, 3.5, 11.25, 4], "texture": "#3"}
			}
		},
		{
			"from": [0.25, 12, 7],
			"to": [15.75, 16, 9],
			"rotation": {"angle": 0, "axis": "y", "origin": [8, 9, 8]},
			"faces": {
				"north": {"uv": [0, 0, 4, 1], "texture": "#3"},
				"east": {"uv": [10.25, 10, 10.75, 11], "texture": "#3"},
				"south": {"uv": [0, 1, 4, 2], "texture": "#3"},
				"west": {"uv": [3, 10.5, 3.5, 11.5], "texture": "#3"},
				"up": {"uv": [4, 2.5, 0, 2], "texture": "#3"},
				"down": {"uv": [4, 2.5, 0, 3], "texture": "#3"}
			}
		},
		{
			"from": [0, 8, 7],
			"to": [2, 12, 9],
			"rotation": {"angle": 0, "axis": "y", "origin": [8, 9, 8]},
			"faces": {
				"north": {"uv": [10.5, 7.5, 11, 8.5], "texture": "#3"},
				"east": {"uv": [8.25, 10.5, 8.75, 11.5], "texture": "#3"},
				"south": {"uv": [8.75, 10.5, 9.25, 11.5], "texture": "#3"},
				"west": {"uv": [10.75, 3, 11.25, 4], "texture": "#3"},
				"up": {"uv": [11.75, 4.5, 11.25, 4], "texture": "#3"},
				"down": {"uv": [11.75, 4.5, 11.25, 5], "texture": "#3"}
			}
		},
		{
			"from": [0, 2, 7],
			"to": [2, 4, 9],
			"rotation": {"angle": 0, "axis": "y", "origin": [8, 9, 8]},
			"faces": {
				"north": {"uv": [5, 11.25, 5.5, 11.75], "texture": "#3"},
				"east": {"uv": [11.25, 5, 11.75, 5.5], "texture": "#3"},
				"south": {"uv": [5.5, 11.25, 6, 11.75], "texture": "#3"},
				"west": {"uv": [11.25, 5.5, 11.75, 6], "texture": "#3"},
				"up": {"uv": [11.75, 7, 11.25, 6.5], "texture": "#3"},
				"down": {"uv": [11.75, 7, 11.25, 7.5], "texture": "#3"}
			}
		},
		{
			"from": [9.81802, 8.06066, 7.25],
			"to": [14.31802, 12.06066, 8.75],
			"rotation": {"angle": 0, "axis": "z", "origin": [9.81802, 10.06066, 8]},
			"faces": {
				"north": {"uv": [4, 7, 5.25, 8], "texture": "#3"},
				"east": {"uv": [10.75, 4, 11.25, 5], "texture": "#3"},
				"south": {"uv": [5.25, 7, 6.5, 8], "texture": "#3"},
				"west": {"uv": [10.75, 5, 11.25, 6], "texture": "#3"},
				"up": {"uv": [10.75, 10, 9.5, 9.5], "texture": "#3"},
				"down": {"uv": [11, 1.5, 9.75, 2], "texture": "#3"}
			}
		},
		{
			"from": [1.56802, 8.06066, 7.25],
			"to": [6.06802, 12.06066, 8.75],
			"rotation": {"angle": 0, "axis": "z", "origin": [9.81802, 10.06066, 8]},
			"faces": {
				"north": {"uv": [6.5, 7, 7.75, 8], "texture": "#3"},
				"east": {"uv": [6.25, 10.75, 6.75, 11.75], "texture": "#3"},
				"south": {"uv": [7.75, 7, 9, 8], "texture": "#3"},
				"west": {"uv": [10.75, 6.5, 11.25, 7.5], "texture": "#3"},
				"up": {"uv": [11, 2.5, 9.75, 2], "texture": "#3"},
				"down": {"uv": [11, 2.5, 9.75, 3], "texture": "#3"}
			}
		},
		{
			"from": [8, 4, 7],
			"to": [16, 8, 9],
			"rotation": {"angle": 0, "axis": "z", "origin": [15, 12, 8]},
			"faces": {
				"north": {"uv": [0, 3, 2, 4], "texture": "#3"},
				"east": {"uv": [6.75, 10.75, 7.25, 11.75], "texture": "#3"},
				"south": {"uv": [2, 3, 4, 4], "texture": "#3"},
				"west": {"uv": [10.75, 8.5, 11.25, 9.5], "texture": "#3"},
				"up": {"uv": [3.5, 9, 1.5, 8.5], "texture": "#3"},
				"down": {"uv": [10.5, 8, 8.5, 8.5], "texture": "#3"}
			}
		},
		{
			"from": [2, 10, 7],
			"to": [14, 12, 9],
			"rotation": {"angle": 0, "axis": "z", "origin": [1, 12, 8]},
			"faces": {
				"north": {"uv": [3, 6, 6, 6.5], "texture": "#3"},
				"east": {"uv": [7.75, 11.25, 8.25, 11.75], "texture": "#3"},
				"south": {"uv": [6, 4, 9, 4.5], "texture": "#3"},
				"west": {"uv": [11.25, 8.5, 11.75, 9], "texture": "#3"},
				"up": {"uv": [9, 5, 6, 4.5], "texture": "#3"},
				"down": {"uv": [9, 5, 6, 5.5], "texture": "#3"}
			}
		},
		{
			"from": [0, 4, 7],
			"to": [8, 8, 9],
			"rotation": {"angle": 0, "axis": "z", "origin": [1, 12, 8]},
			"faces": {
				"north": {"uv": [0, 4, 2, 5], "texture": "#3"},
				"east": {"uv": [9.25, 10.75, 9.75, 11.75], "texture": "#3"},
				"south": {"uv": [4, 0, 6, 1], "texture": "#3"},
				"west": {"uv": [10.75, 9.5, 11.25, 10.5], "texture": "#3"},
				"up": {"uv": [10.5, 9, 8.5, 8.5], "texture": "#3"},
				"down": {"uv": [10.75, 1, 8.75, 1.5], "texture": "#3"}
			}
		},
		{
			"from": [16, 6, 7],
			"to": [18, 12, 9],
			"rotation": {"angle": 0, "axis": "y", "origin": [8, 9, 8]},
			"faces": {
				"north": {"uv": [0, 9.5, 0.5, 11], "texture": "#3"},
				"east": {"uv": [0.5, 9.5, 1, 11], "texture": "#3"},
				"south": {"uv": [1, 9.5, 1.5, 11], "texture": "#3"},
				"west": {"uv": [4, 9.5, 4.5, 11], "texture": "#3"},
				"up": {"uv": [11.75, 9.5, 11.25, 9], "texture": "#3"},
				"down": {"uv": [11.75, 9.5, 11.25, 10], "texture": "#3"}
			}
		},
		{
			"from": [2, 16, 7],
			"to": [14, 18, 9],
			"rotation": {"angle": 0, "axis": "y", "origin": [8, 9, 8]},
			"faces": {
				"north": {"uv": [6, 5.5, 9, 6], "texture": "#3"},
				"east": {"uv": [11.25, 10, 11.75, 10.5], "texture": "#3"},
				"south": {"uv": [6, 6, 9, 6.5], "texture": "#3"},
				"west": {"uv": [11.25, 11, 11.75, 11.5], "texture": "#3"},
				"up": {"uv": [6, 7, 3, 6.5], "texture": "#3"},
				"down": {"uv": [9, 6.5, 6, 7], "texture": "#3"}
			}
		},
		{
			"from": [6, 5.75, 6.75],
			"to": [10, 11.75, 9.75],
			"rotation": {"angle": 22.5, "axis": "x", "origin": [8, 9, 8]},
			"faces": {
				"north": {"uv": [0, 5, 1, 6.5], "texture": "#3"},
				"east": {"uv": [0, 8, 0.75, 9.5], "texture": "#3"},
				"south": {"uv": [1, 5, 2, 6.5], "texture": "#3"},
				"west": {"uv": [0.75, 8, 1.5, 9.5], "texture": "#3"},
				"up": {"uv": [5.5, 10.25, 4.5, 9.5], "texture": "#3"},
				"down": {"uv": [6.5, 9.5, 5.5, 10.25], "texture": "#3"}
			}
		},
		{
			"from": [12.95, 3.85, 6.85],
			"to": [14.75, 5.65, 8.65],
			"rotation": {"angle": -22.5, "axis": "x", "origin": [13.4, 0.9, 2.375]},
			"faces": {
				"north": {"uv": [8, 6, 9, 7], "texture": "#4"},
				"east": {"uv": [7, 8, 8, 9], "texture": "#4"},
				"south": {"uv": [8, 7, 9, 8], "texture": "#4"},
				"west": {"uv": [8, 8, 9, 9], "texture": "#4"},
				"up": {"uv": [9.5, 1, 8.5, 0], "texture": "#4"},
				"down": {"uv": [9.5, 1, 8.5, 2], "texture": "#4"}
			}
		},
		{
			"from": [8.9, 0.25, 6.85],
			"to": [10.7, 2.05, 8.65],
			"rotation": {"angle": -22.5, "axis": "x", "origin": [13.4, 0.9, 2.375]},
			"faces": {
				"north": {"uv": [3, 8, 4, 9], "texture": "#4"},
				"east": {"uv": [8, 3, 9, 4], "texture": "#4"},
				"south": {"uv": [4, 8, 5, 9], "texture": "#4"},
				"west": {"uv": [8, 4, 9, 5], "texture": "#4"},
				"up": {"uv": [6, 9, 5, 8], "texture": "#4"},
				"down": {"uv": [7, 8, 6, 9], "texture": "#4"}
			}
		},
		{
			"from": [11.15, 0.25, 6.85],
			"to": [14.75, 3.85, 8.65],
			"rotation": {"angle": -22.5, "axis": "x", "origin": [13.4, 0.9, 2.375]},
			"faces": {
				"north": {"uv": [0, 6, 2, 8], "texture": "#4"},
				"east": {"uv": [7, 3, 8, 5], "texture": "#4"},
				"south": {"uv": [2, 6, 4, 8], "texture": "#4"},
				"west": {"uv": [0, 8, 1, 10], "texture": "#4"},
				"up": {"uv": [9, 6, 7, 5], "texture": "#4"},
				"down": {"uv": [3, 8, 1, 9], "texture": "#4"}
			}
		},
		{
			"from": [5.55, 0.25, 6.85],
			"to": [7.35, 2.05, 8.65],
			"rotation": {"angle": -22.5, "axis": "x", "origin": [2.6, 0.9, 2.375]},
			"faces": {
				"north": {"uv": [4, 8, 3, 9], "texture": "#4"},
				"east": {"uv": [9, 4, 8, 5], "texture": "#4"},
				"south": {"uv": [5, 8, 4, 9], "texture": "#4"},
				"west": {"uv": [9, 3, 8, 4], "texture": "#4"},
				"up": {"uv": [5, 9, 6, 8], "texture": "#4"},
				"down": {"uv": [6, 8, 7, 9], "texture": "#4"}
			}
		},
		{
			"from": [1.5, 0.25, 6.85],
			"to": [5.1, 3.85, 8.65],
			"rotation": {"angle": -22.5, "axis": "x", "origin": [2.6, 0.9, 2.375]},
			"faces": {
				"north": {"uv": [2, 6, 0, 8], "texture": "#4"},
				"east": {"uv": [1, 8, 0, 10], "texture": "#4"},
				"south": {"uv": [4, 6, 2, 8], "texture": "#4"},
				"west": {"uv": [8, 3, 7, 5], "texture": "#4"},
				"up": {"uv": [7, 6, 9, 5], "texture": "#4"},
				"down": {"uv": [1, 8, 3, 9], "texture": "#4"}
			}
		},
		{
			"from": [1.5, 3.85, 6.85],
			"to": [3.3, 5.65, 8.65],
			"rotation": {"angle": -22.5, "axis": "x", "origin": [2.6, 0.9, 2.375]},
			"faces": {
				"north": {"uv": [9, 6, 8, 7], "texture": "#4"},
				"east": {"uv": [9, 8, 8, 9], "texture": "#4"},
				"south": {"uv": [9, 7, 8, 8], "texture": "#4"},
				"west": {"uv": [8, 8, 7, 9], "texture": "#4"},
				"up": {"uv": [8.5, 1, 9.5, 0], "texture": "#4"},
				"down": {"uv": [8.5, 1, 9.5, 2], "texture": "#4"}
			}
		},
		{
			"from": [0.25, 6.75, 9],
			"to": [1.25, 8.75, 25],
			"rotation": {"angle": 0, "axis": "y", "origin": [0.25, -1.25, 0]},
			"faces": {
				"north": {"uv": [7.5, 11.5, 7.75, 12], "texture": "#5"},
				"east": {"uv": [4, 1, 8, 1.5], "texture": "#5"},
				"south": {"uv": [11.5, 7.5, 11.75, 8], "texture": "#5"},
				"west": {"uv": [4, 1.5, 8, 2], "texture": "#5"},
				"up": {"uv": [3.75, 12.5, 3.5, 8.5], "texture": "#5"},
				"down": {"uv": [4, 8.5, 3.75, 12.5], "texture": "#5"}
			}
		},
		{
			"from": [14.75, 6.75, 9],
			"to": [15.75, 8.75, 25],
			"rotation": {"angle": 0, "axis": "y", "origin": [15.75, -1.25, 0]},
			"faces": {
				"north": {"uv": [11.5, 8, 11.75, 8.5], "texture": "#5"},
				"east": {"uv": [2, 4, 6, 4.5], "texture": "#5"},
				"south": {"uv": [8.25, 11.5, 8.5, 12], "texture": "#5"},
				"west": {"uv": [4, 2, 8, 2.5], "texture": "#5"},
				"up": {"uv": [1.75, 13, 1.5, 9], "texture": "#5"},
				"down": {"uv": [2, 9, 1.75, 13], "texture": "#5"}
			}
		},
		{
			"from": [0.25, 6.75, 24],
			"to": [15, 8.75, 25],
			"rotation": {"angle": 0, "axis": "y", "origin": [8, 1.75, 25.5]},
			"faces": {
				"north": {"uv": [9.75, 3, 10.75, 3.5], "texture": "#5"},
				"east": {"uv": [8.5, 11.5, 8.75, 12], "texture": "#5"},
				"south": {"uv": [10.75, 1, 11.75, 1.5], "texture": "#5"},
				"west": {"uv": [8.75, 11.5, 9, 12], "texture": "#5"},
				"up": {"uv": [1, 11.75, 0, 11.5], "texture": "#5"},
				"down": {"uv": [3.5, 11.5, 2.5, 11.75], "texture": "#5"}
			}
		},
		{
			"from": [12, 6.75, 24],
			"to": [15.75, 8.75, 25],
			"rotation": {"angle": 0, "axis": "y", "origin": [8, 1.75, 25.5]},
			"faces": {
				"north": {"uv": [10.75, 10.5, 11.75, 11], "texture": "#5"},
				"east": {"uv": [10.5, 11.5, 10.75, 12], "texture": "#5"},
				"south": {"uv": [0, 11, 1, 11.5], "texture": "#5"},
				"west": {"uv": [10.75, 11.5, 11, 12], "texture": "#5"},
				"up": {"uv": [5, 11.75, 4, 11.5], "texture": "#5"},
				"down": {"uv": [12.5, 6, 11.5, 6.25], "texture": "#5"}
			}
		}
	],
	"display": {
		"thirdperson_righthand": {
			"rotation": [76.37, -25.63, -2.87],
			"translation": [1.5, 0.5, 2],
			"scale": [0.39844, 0.39844, 0.39844]
		},
		"thirdperson_lefthand": {
			"rotation": [76.37, -25.63, -2.87],
			"translation": [1.5, 0.5, 2],
			"scale": [0.39844, 0.39844, 0.39844]
		},
		"firstperson_righthand": {
			"rotation": [162.11, 52.75, -166.71],
			"translation": [1.5, 5, -1.5],
			"scale": [0.46875, 0.46875, 0.46875]
		},
		"firstperson_lefthand": {
			"rotation": [162.11, 52.75, -166.71],
			"translation": [1.5, 5, -1.5],
			"scale": [0.46875, 0.46875, 0.46875]
		},
		"ground": {
			"rotation": [30.96, -0.53, -1.95],
			"translation": [0, 10, -5.25],
			"scale": [0.68555, 0.68555, 0.68555]
		},
		"gui": {
			"rotation": [-154.82, 47.29, 179.22],
			"translation": [-2.25, 0.5, 0],
			"scale": [0.54922, 0.54922, 0.54922]
		},
		"head": {
			"translation": [0, -0.25, -7.25],
			"scale": [0.91992, 0.91992, 0.84961]
		},
		"fixed": {
			"translation": [0, 0, -1.5],
			"scale": [1.33008, 1.33008, 1.33008]
		}
	},
	"groups": [
		{
			"name": "group",
			"origin": [14, 18.3264, 5.65392],
			"color": 0,
			"children": [0, 1, 2, 3]
		},
		{
			"name": "group",
			"origin": [15.5, 4.25, 11.25],
			"color": 0,
			"children": [4, 5, 6, 7, 8, 9, 10, 11, 12, 13, 14, 15, 16, 17, 18, 19, 20, 21, 22, 23, 24, 25, 26, 27, 28, 29, 30, 31, 32, 33]
		}
	]
}