{
	"credit": "Made with Blockbench",
	"textures": {
		"0": "magiccosmetics:item/mask_lucy/bawah",
		"1": "magiccosmetics:item/mask_lucy/hidung",
		"2": "magiccosmetics:item/mask_lucy/mata",
		"3": "magiccosmetics:item/mask_lucy/atas",
		"4": "magiccosmetics:item/mask_lucy/tndk1",
		"5": "magiccosmetics:item/mask_lucy/tndk2",
		"particle": "magiccosmetics:item/mask_lucy/bawah"
	},
	"elements": [
		{
			"from": [2, 0, 0],
			"to": [14, 2, 2],
			"faces": {
				"north": {"uv": [0, 6, 6, 7], "texture": "#0"},
				"east": {"uv": [1, 8, 2, 9], "texture": "#0"},
				"south": {"uv": [6, 6, 12, 7], "texture": "#0"},
				"west": {"uv": [2, 8, 3, 9], "texture": "#0"},
				"up": {"uv": [6, 8, 0, 7], "texture": "#0"},
				"down": {"uv": [12, 7, 6, 8], "texture": "#0"}
			}
		},
		{
			"from": [0, 2, 0],
			"to": [16, 6, 2],
			"faces": {
				"north": {"uv": [0, 0, 8, 2], "texture": "#0"},
				"east": {"uv": [0, 8, 1, 10], "texture": "#0"},
				"south": {"uv": [0, 2, 8, 4], "texture": "#0"},
				"west": {"uv": [8, 0, 9, 2], "texture": "#0"},
				"up": {"uv": [8, 5, 0, 4], "texture": "#0"},
				"down": {"uv": [8, 5, 0, 6], "texture": "#0"}
			}
		},
		{
			"from": [-2, 6, 0],
			"to": [18, 8, 2],
			"faces": {
				"north": {"uv": [0, 0, 10, 1], "texture": "#2"},
				"east": {"uv": [6, 8, 7, 9], "texture": "#2"},
				"south": {"uv": [0, 1, 10, 2], "texture": "#2"},
				"west": {"uv": [7, 8, 8, 9], "texture": "#2"},
				"up": {"uv": [10, 3, 0, 2], "texture": "#2"},
				"down": {"uv": [10, 3, 0, 4], "texture": "#2"}
			}
		},
		{
			"from": [-2, 10, 0],
			"to": [18, 12, 2],
			"rotation": {"angle": 0, "axis": "y", "origin": [0, 1, 0]},
			"faces": {
				"north": {"uv": [0, 4, 10, 5], "texture": "#2"},
				"east": {"uv": [1, 9, 2, 10], "texture": "#2"},
				"south": {"uv": [0, 5, 10, 6], "texture": "#2"},
				"west": {"uv": [2, 9, 3, 10], "texture": "#2"},
				"up": {"uv": [10, 7, 0, 6], "texture": "#2"},
				"down": {"uv": [10, 7, 0, 8], "texture": "#2"}
			}
		},
		{
			"from": [6, 5.5, -4],
			"to": [10, 10.5, -1],
			"rotation": {"angle": 22.5, "axis": "x", "origin": [0, -0.5, 0]},
			"faces": {
				"north": {"uv": [0, 0, 4, 5], "texture": "#1"},
				"east": {"uv": [0, 5, 3, 10], "texture": "#1"},
				"south": {"uv": [4, 0, 8, 5], "texture": "#1"},
				"west": {"uv": [3, 5, 6, 10], "texture": "#1"},
				"up": {"uv": [10, 8, 6, 5], "texture": "#1"},
				"down": {"uv": [12, 0, 8, 3], "texture": "#1"}
			}
		},
		{
			"from": [0, 8, 2],
			"to": [2, 10, 15],
			"rotation": {"angle": 0, "axis": "y", "origin": [16, 18, 0]},
			"faces": {
				"north": {"uv": [1.5, 8, 0, 9], "rotation": 180, "texture": "#2"},
				"east": {"uv": [9, 8, 8, 9], "rotation": 180, "texture": "#2"},
				"south": {"uv": [3, 8, 1.5, 9], "rotation": 180, "texture": "#2"},
				"west": {"uv": [1, 9, 0, 10], "rotation": 180, "texture": "#2"},
				"up": {"uv": [4.5, 8, 6, 9], "rotation": 180, "texture": "#2"},
				"down": {"uv": [3, 9, 4.5, 8], "rotation": 180, "texture": "#2"}
			}
		},
		{
			"from": [14, 8, 0],
			"to": [18, 10, 2],
			"rotation": {"angle": 0, "axis": "y", "origin": [0, 18, 0]},
			"faces": {
				"north": {"uv": [0, 8, 1.5, 9], "rotation": 180, "texture": "#2"},
				"east": {"uv": [0, 9, 1, 10], "rotation": 180, "texture": "#2"},
				"south": {"uv": [1.5, 8, 3, 9], "rotation": 180, "texture": "#2"},
				"west": {"uv": [8, 8, 9, 9], "rotation": 180, "texture": "#2"},
				"up": {"uv": [6, 8, 4.5, 9], "rotation": 180, "texture": "#2"},
				"down": {"uv": [4.5, 9, 3, 8], "rotation": 180, "texture": "#2"}
			}
		},
		{
			"from": [14, 8, 2],
			"to": [16, 10, 15],
			"rotation": {"angle": 0, "axis": "y", "origin": [0, 18, 0]},
			"faces": {
				"north": {"uv": [0, 8, 1.5, 9], "rotation": 180, "texture": "#2"},
				"east": {"uv": [0, 9, 1, 10], "rotation": 180, "texture": "#2"},
				"south": {"uv": [1.5, 8, 3, 9], "rotation": 180, "texture": "#2"},
				"west": {"uv": [8, 8, 9, 9], "rotation": 180, "texture": "#2"},
				"up": {"uv": [6, 8, 4.5, 9], "rotation": 180, "texture": "#2"},
				"down": {"uv": [4.5, 9, 3, 8], "rotation": 180, "texture": "#2"}
			}
		},
		{
			"from": [4, 14, 0],
			"to": [12, 18, 2],
			"faces": {
				"north": {"uv": [0, 4, 4, 6], "texture": "#3"},
				"east": {"uv": [0, 7, 1, 9], "texture": "#3"},
				"south": {"uv": [4, 4, 8, 6], "texture": "#3"},
				"west": {"uv": [1, 7, 2, 9], "texture": "#3"},
				"up": {"uv": [4, 7, 0, 6], "texture": "#3"},
				"down": {"uv": [8, 6, 4, 7], "texture": "#3"}
			}
		},
		{
			"from": [0, 8, 15],
			"to": [16, 10, 17],
			"faces": {
				"north": {"uv": [0, 4, 4, 6], "texture": "#3"},
				"east": {"uv": [0, 7, 1, 9], "texture": "#3"},
				"south": {"uv": [4, 4, 8, 6], "texture": "#3"},
				"west": {"uv": [1, 7, 2, 9], "texture": "#3"},
				"up": {"uv": [4, 7, 0, 6], "texture": "#3"},
				"down": {"uv": [8, 6, 4, 7], "texture": "#3"}
			}
		},
		{
			"from": [12, 12.5, 4],
			"to": [16, 17.7, 8],
			"rotation": {"angle": -22.5, "axis": "x", "origin": [0, 0.5, 0]},
			"faces": {
				"north": {"uv": [0, 0, 4, 4], "texture": "#4"},
				"east": {"uv": [0, 4, 4, 8], "texture": "#4"},
				"south": {"uv": [4, 0, 8, 4], "texture": "#4"},
				"west": {"uv": [4, 4, 8, 8], "texture": "#4"},
				"up": {"uv": [4, 12, 0, 8], "texture": "#4"},
				"down": {"uv": [12, 0, 8, 4], "texture": "#4"}
			}
		},
		{
			"from": [10, 2.5, -1],
			"to": [12, 4.7, 1],
			"rotation": {"angle": -22.5, "axis": "x", "origin": [0, 0.5, 0]},
			"faces": {
				"north": {"uv": [0, 0, 4, 4], "texture": "#4"},
				"east": {"uv": [0, 4, 4, 8], "texture": "#4"},
				"south": {"uv": [4, 0, 8, 4], "texture": "#4"},
				"west": {"uv": [4, 4, 8, 8], "texture": "#4"},
				"up": {"uv": [4, 12, 0, 8], "texture": "#4"},
				"down": {"uv": [12, 0, 8, 4], "texture": "#4"}
			}
		},
		{
			"from": [14.8, 5.5, -1.3],
			"to": [16.8, 7.7, 0.7],
			"rotation": {"angle": -22.5, "axis": "x", "origin": [0, 0.5, 0]},
			"faces": {
				"north": {"uv": [0, 0, 4, 4], "texture": "#4"},
				"east": {"uv": [0, 4, 4, 8], "texture": "#4"},
				"south": {"uv": [4, 0, 8, 4], "texture": "#4"},
				"west": {"uv": [4, 4, 8, 8], "texture": "#4"},
				"up": {"uv": [4, 12, 0, 8], "texture": "#4"},
				"down": {"uv": [12, 0, 8, 4], "texture": "#4"}
			}
		},
		{
			"from": [12.8, 3.5, -1.3],
			"to": [16.8, 5.7, 0.7],
			"rotation": {"angle": -22.5, "axis": "x", "origin": [0, 0.5, 0]},
			"faces": {
				"north": {"uv": [0, 0, 4, 4], "texture": "#4"},
				"east": {"uv": [0, 4, 4, 8], "texture": "#4"},
				"south": {"uv": [4, 0, 8, 4], "texture": "#4"},
				"west": {"uv": [4, 4, 8, 8], "texture": "#4"},
				"up": {"uv": [4, 12, 0, 8], "texture": "#4"},
				"down": {"uv": [12, 0, 8, 4], "texture": "#4"}
			}
		},
		{
			"from": [12.8, 2.5, -1.3],
			"to": [16.8, 3.7, 2.7],
			"rotation": {"angle": -22.5, "axis": "x", "origin": [0, 0.5, 0]},
			"faces": {
				"north": {"uv": [0, 0, 4, 4], "texture": "#4"},
				"east": {"uv": [0, 4, 4, 8], "texture": "#4"},
				"south": {"uv": [4, 0, 8, 4], "texture": "#4"},
				"west": {"uv": [4, 4, 8, 8], "texture": "#4"},
				"up": {"uv": [4, 12, 0, 8], "texture": "#4"},
				"down": {"uv": [12, 0, 8, 4], "texture": "#4"}
			}
		},
		{
			"from": [13, 17.6, -2],
			"to": [15, 22.6, 0],
			"rotation": {"angle": 0, "axis": "y", "origin": [0, 0.5, 0]},
			"faces": {
				"north": {"uv": [0, 0, 2, 5], "texture": "#5"},
				"east": {"uv": [2, 0, 4, 5], "texture": "#5"},
				"south": {"uv": [4, 0, 6, 5], "texture": "#5"},
				"west": {"uv": [0, 5, 2, 10], "texture": "#5"},
				"up": {"uv": [4, 7, 2, 5], "texture": "#5"},
				"down": {"uv": [6, 5, 4, 7], "texture": "#5"}
			}
		},
		{
			"from": [0, 12, 0.1],
			"to": [16, 14, 2],
			"faces": {
				"north": {"uv": [0, 0, 8, 1], "texture": "#3"},
				"east": {"uv": [2, 7, 3, 8], "texture": "#3"},
				"south": {"uv": [0, 1, 8, 2], "texture": "#3"},
				"west": {"uv": [3, 7, 4, 8], "texture": "#3"},
				"up": {"uv": [8, 3, 0, 2], "texture": "#3"},
				"down": {"uv": [8, 3, 0, 4], "texture": "#3"}
			}
		},
		{
			"from": [1, 17.6, -2],
			"to": [3, 22.6, 0],
			"rotation": {"angle": 0, "axis": "y", "origin": [16, 0.5, 0]},
			"faces": {
				"north": {"uv": [2, 0, 0, 5], "texture": "#5"},
				"east": {"uv": [2, 5, 0, 10], "texture": "#5"},
				"south": {"uv": [6, 0, 4, 5], "texture": "#5"},
				"west": {"uv": [4, 0, 2, 5], "texture": "#5"},
				"up": {"uv": [2, 7, 4, 5], "texture": "#5"},
				"down": {"uv": [4, 5, 6, 7], "texture": "#5"}
			}
		},
		{
			"from": [12, 12.5, 4],
			"to": [16, 13.5, 8],
			"rotation": {"angle": -22.5, "axis": "x", "origin": [0, 0.5, 0]},
			"faces": {
				"north": {"uv": [0, 0, 4, 4], "texture": "#4"},
				"east": {"uv": [0, 4, 4, 8], "texture": "#4"},
				"south": {"uv": [4, 0, 8, 4], "texture": "#4"},
				"west": {"uv": [4, 4, 8, 8], "texture": "#4"},
				"up": {"uv": [4, 12, 0, 8], "texture": "#4"},
				"down": {"uv": [12, 0, 8, 4], "texture": "#4"}
			}
		},
		{
			"from": [-0.8, 2.5, -1.3],
			"to": [3.2, 3.7, 2.7],
			"rotation": {"angle": -22.5, "axis": "x", "origin": [16, 0.5, 0]},
			"faces": {
				"north": {"uv": [4, 0, 0, 4], "texture": "#4"},
				"east": {"uv": [8, 4, 4, 8], "texture": "#4"},
				"south": {"uv": [8, 0, 4, 4], "texture": "#4"},
				"west": {"uv": [4, 4, 0, 8], "texture": "#4"},
				"up": {"uv": [0, 12, 4, 8], "texture": "#4"},
				"down": {"uv": [8, 0, 12, 4], "texture": "#4"}
			}
		},
		{
			"from": [2, 8, 0],
			"to": [6, 10, 2],
			"faces": {
				"north": {"uv": [0, 3, 1.75, 4], "texture": "#2"},
				"east": {"uv": [0, 0, 2, 2], "texture": "#2"},
				"south": {"uv": [0, 0, 4, 2], "texture": "#2"},
				"west": {"uv": [0, 0, 2, 2], "texture": "#2"},
				"up": {"uv": [0, 0, 4, 2], "texture": "#2"},
				"down": {"uv": [0, 3, 2, 4], "texture": "#2"}
			}
		},
		{
			"from": [10, 8, 0],
			"to": [14, 10, 2],
			"rotation": {"angle": 0, "axis": "y", "origin": [16, 0, 0]},
			"faces": {
				"north": {"uv": [1.75, 3, 0, 4], "texture": "#2"},
				"east": {"uv": [2, 0, 0, 2], "texture": "#2"},
				"south": {"uv": [4, 0, 0, 2], "texture": "#2"},
				"west": {"uv": [2, 0, 0, 2], "texture": "#2"},
				"up": {"uv": [4, 0, 0, 2], "texture": "#2"},
				"down": {"uv": [2, 3, 0, 4], "texture": "#2"}
			}
		},
		{
			"from": [-0.8, 3.5, -1.3],
			"to": [3.2, 5.7, 0.7],
			"rotation": {"angle": -22.5, "axis": "x", "origin": [16, 0.5, 0]},
			"faces": {
				"north": {"uv": [4, 0, 0, 4], "texture": "#4"},
				"east": {"uv": [8, 4, 4, 8], "texture": "#4"},
				"south": {"uv": [8, 0, 4, 4], "texture": "#4"},
				"west": {"uv": [4, 4, 0, 8], "texture": "#4"},
				"up": {"uv": [0, 12, 4, 8], "texture": "#4"},
				"down": {"uv": [8, 0, 12, 4], "texture": "#4"}
			}
		},
		{
			"from": [-0.8, 5.5, -1.3],
			"to": [1.2, 7.7, 0.7],
			"rotation": {"angle": -22.5, "axis": "x", "origin": [16, 0.5, 0]},
			"faces": {
				"north": {"uv": [4, 0, 0, 4], "texture": "#4"},
				"east": {"uv": [8, 4, 4, 8], "texture": "#4"},
				"south": {"uv": [8, 0, 4, 4], "texture": "#4"},
				"west": {"uv": [4, 4, 0, 8], "texture": "#4"},
				"up": {"uv": [0, 12, 4, 8], "texture": "#4"},
				"down": {"uv": [8, 0, 12, 4], "texture": "#4"}
			}
		},
		{
			"from": [4, 2.5, -1],
			"to": [6, 4.7, 1],
			"rotation": {"angle": -22.5, "axis": "x", "origin": [16, 0.5, 0]},
			"faces": {
				"north": {"uv": [4, 0, 0, 4], "texture": "#4"},
				"east": {"uv": [8, 4, 4, 8], "texture": "#4"},
				"south": {"uv": [8, 0, 4, 4], "texture": "#4"},
				"west": {"uv": [4, 4, 0, 8], "texture": "#4"},
				"up": {"uv": [0, 12, 4, 8], "texture": "#4"},
				"down": {"uv": [8, 0, 12, 4], "texture": "#4"}
			}
		},
		{
			"from": [0, 12.5, 4],
			"to": [4, 17.7, 8],
			"rotation": {"angle": -22.5, "axis": "x", "origin": [16, 0.5, 0]},
			"faces": {
				"north": {"uv": [4, 0, 0, 4], "texture": "#4"},
				"east": {"uv": [8, 4, 4, 8], "texture": "#4"},
				"south": {"uv": [8, 0, 4, 4], "texture": "#4"},
				"west": {"uv": [4, 4, 0, 8], "texture": "#4"},
				"up": {"uv": [0, 12, 4, 8], "texture": "#4"},
				"down": {"uv": [8, 0, 12, 4], "texture": "#4"}
			}
		},
		{
			"from": [-2, 8, 0],
			"to": [2, 10, 2],
			"rotation": {"angle": 0, "axis": "y", "origin": [16, 18, 0]},
			"faces": {
				"north": {"uv": [1.5, 8, 0, 9], "rotation": 180, "texture": "#2"},
				"east": {"uv": [9, 8, 8, 9], "rotation": 180, "texture": "#2"},
				"south": {"uv": [3, 8, 1.5, 9], "rotation": 180, "texture": "#2"},
				"west": {"uv": [1, 9, 0, 10], "rotation": 180, "texture": "#2"},
				"up": {"uv": [4.5, 8, 6, 9], "rotation": 180, "texture": "#2"},
				"down": {"uv": [3, 9, 4.5, 8], "rotation": 180, "texture": "#2"}
			}
		}
	],
	"display": {
		"thirdperson_righthand": {
			"rotation": [5.06, 34.21, -16.37],
			"translation": [0, 0, -2],
			"scale": [0.3457, 0.32617, 0.27734]
		},
		"thirdperson_lefthand": {
			"rotation": [8.8, 42.52, -22.31],
			"translation": [-1.5, 0, -2.25],
			"scale": [0.3125, 0.32617, 0.34961]
		},
		"head": {
			"translation": [0, 0, -0.75]
		}
	}
}