{
	"credit": "Made with Blockbench",
	"textures": {
		"1": "magiccosmetics:item/tanduk_eles/tanduk_animasi"
	},
	"elements": [
		{
			"from": [15.5, 6.75, 4.36104],
			"to": [18.5, 15.75, 10.36104],
			"rotation": {"angle": 0, "axis": "y", "origin": [26, 10.70373, 8]},
			"faces": {
				"north": {"uv": [8, 2, 9, 5], "texture": "#1"},
				"east": {"uv": [6, 6, 8, 9], "texture": "#1"},
				"south": {"uv": [2, 8, 3, 11], "texture": "#1"},
				"west": {"uv": [6, 3, 8, 6], "texture": "#1"},
				"up": {"uv": [3, 8, 4, 10], "texture": "#1"},
				"down": {"uv": [4, 10, 5, 8], "texture": "#1"}
			}
		},
		{
			"from": [12.5, 9.75, 7.36104],
			"to": [21.5, 24.75, 7.36104],
			"rotation": {"angle": 0, "axis": "y", "origin": [26, 10.70373, 8]},
			"faces": {
				"north": {"uv": [3, 0, 0, 5], "texture": "#1"},
				"east": {"uv": [0, 0, 0, 5], "texture": "#1"},
				"south": {"uv": [6, 0, 3, 5], "texture": "#1"},
				"west": {"uv": [0, 0, 0, 5], "texture": "#1"},
				"up": {"uv": [0, 0, 3, 0], "texture": "#1"},
				"down": {"uv": [0, 0, 3, 0], "texture": "#1"}
			}
		},
		{
			"from": [14, -0.08876, 3.08517],
			"to": [20, 8.91124, 9.08517],
			"rotation": {"angle": -22.5, "axis": "x", "origin": [26, 10.70373, 8]},
			"faces": {
				"north": {"uv": [2, 5, 0, 8], "texture": "#1"},
				"east": {"uv": [8, 0, 6, 3], "texture": "#1"},
				"south": {"uv": [6, 5, 4, 8], "texture": "#1"},
				"west": {"uv": [4, 5, 2, 8], "texture": "#1"},
				"up": {"uv": [0, 10, 2, 8], "texture": "#1"},
				"down": {"uv": [8, 0, 10, 2], "texture": "#1"}
			}
		},
		{
			"from": [-5.5, 9.75, 7.36104],
			"to": [3.5, 24.75, 7.36104],
			"rotation": {"angle": 0, "axis": "y", "origin": [-10, 10.70373, 8]},
			"faces": {
				"north": {"uv": [0, 0, 3, 5], "texture": "#1"},
				"east": {"uv": [0, 0, 0, 5], "texture": "#1"},
				"south": {"uv": [3, 0, 6, 5], "texture": "#1"},
				"west": {"uv": [0, 0, 0, 5], "texture": "#1"},
				"up": {"uv": [3, 0, 0, 0], "texture": "#1"},
				"down": {"uv": [3, 0, 0, 0], "texture": "#1"}
			}
		},
		{
			"from": [-4, -0.08876, 3.08517],
			"to": [2, 8.91124, 9.08517],
			"rotation": {"angle": -22.5, "axis": "x", "origin": [-10, 10.70373, 8]},
			"faces": {
				"north": {"uv": [0, 5, 2, 8], "texture": "#1"},
				"east": {"uv": [2, 5, 4, 8], "texture": "#1"},
				"south": {"uv": [4, 5, 6, 8], "texture": "#1"},
				"west": {"uv": [6, 0, 8, 3], "texture": "#1"},
				"up": {"uv": [2, 10, 0, 8], "texture": "#1"},
				"down": {"uv": [10, 0, 8, 2], "texture": "#1"}
			}
		},
		{
			"from": [-2.5, 6.75, 4.36104],
			"to": [0.5, 15.75, 10.36104],
			"rotation": {"angle": 0, "axis": "y", "origin": [-10, 10.70373, 8]},
			"faces": {
				"north": {"uv": [9, 2, 8, 5], "texture": "#1"},
				"east": {"uv": [8, 3, 6, 6], "texture": "#1"},
				"south": {"uv": [3, 8, 2, 11], "texture": "#1"},
				"west": {"uv": [8, 6, 6, 9], "texture": "#1"},
				"up": {"uv": [4, 8, 3, 10], "texture": "#1"},
				"down": {"uv": [5, 10, 4, 8], "texture": "#1"}
			}
		}
	],
	"display": {
		"thirdperson_righthand": {
			"rotation": [76.37, -25.63, -2.87],
			"translation": [1.5, 0.5, 2],
			"scale": [0.16797, 0.16797, 0.16797]
		},
		"thirdperson_lefthand": {
			"rotation": [76.37, -25.63, -2.87],
			"translation": [1.5, 0.5, 2],
			"scale": [0.16797, 0.16797, 0.16797]
		},
		"firstperson_righthand": {
			"rotation": [164.54, 45.81, -169.93],
			"translation": [1.75, 2.25, -1.5],
			"scale": [0.25391, 0.25391, 0.25391]
		},
		"firstperson_lefthand": {
			"rotation": [164.54, 45.81, -169.93],
			"translation": [1.75, 2.25, -1.5],
			"scale": [0.25391, 0.25391, 0.25391]
		},
		"ground": {
			"rotation": [30.96, -0.53, -1.95],
			"translation": [1, 10, 0],
			"scale": [0.4375, 0.4375, 0.4375]
		},
		"gui": {
			"rotation": [0, 180, 0],
			"translation": [0, -0.75, 0],
			"scale": [0.41211, 0.41211, 0.41211]
		},
		"head": {
			"rotation": [-12.75, 0, 0],
			"translation": [0, 9.25, -8],
			"scale": [0.64453, 0.64453, 0.64453]
		},
		"fixed": {
			"rotation": [-39.25, 0, 0],
			"translation": [0, 0, -3],
			"scale": [0.78321, 0.78321, 0.78321]
		}
	},
	"groups": [
		{
			"name": "group",
			"origin": [8, 10.70373, 8],
			"color": 0,
			"nbt": "{}",
			"children": [0, 1, 2]
		},
		{
			"name": "group",
			"origin": [8, 10.70373, 8],
			"color": 0,
			"nbt": "{}",
			"children": [3, 4, 5]
		}
	]
}