{	"credit":"MadewithBlockbench",	"texture_size":[64,64],	"textures":{		"0":"magiccosmetics:item/balloon",		"1":"magiccosmetics:particles/fire_e",		"particle":"magiccosmetics:item/balloon"	},	"elements":[		{			"from":[7,-8,7],			"to":[10,-1,10],			"faces":{				"north":{"uv":[5.25,1.75,11,16],"texture":"#1"},				"east":{"uv":[5.25,1.75,11,16],"texture":"#1"},				"south":{"uv":[5.25,1.75,11,16],"texture":"#1"},				"west":{"uv":[5.25,1.75,11,16],"texture":"#1"},				"up":{"uv":[5.25,1.75,11,16],"texture":"#1"},				"down":{"uv":[0,1.75,3.75,16],"texture":"#1"}			}		},		{			"from":[0,21,0],			"to":[17,25,18],			"rotation":{"angle":0,"axis":"y","origin":[0,14,0]},			"faces":{				"north":{"uv":[3.25,6.25,6.25,8.75],"texture":"#0","tintindex":0},				"east":{"uv":[3.25,6.25,6.25,8.75],"texture":"#0","tintindex":0},				"south":{"uv":[3.25,6.25,6.25,8.75],"texture":"#0","tintindex":0},				"west":{"uv":[3.25,6.25,6.25,8.75],"texture":"#0","tintindex":0},				"up":{"uv":[3.25,6.25,6.25,8.75],"texture":"#0","tintindex":0},				"down":{"uv":[3.25,6.25,6.25,8.75],"texture":"#0"}			}		},		{			"from":[4,21,13],			"to":[13,25,18],			"rotation":{"angle":0,"axis":"y","origin":[0,14,0]},			"faces":{				"north":{"uv":[4.25,0,6.5,1],"texture":"#0"},				"east":{"uv":[0,0,0,1],"texture":"#0"},				"south":{"uv":[4.25,1,6.5,2],"texture":"#0"},				"west":{"uv":[0,0,0,1],"texture":"#0"},				"up":{"uv":[2.25,0,0,0],"texture":"#0"},				"down":{"uv":[2.25,0,0,0],"texture":"#0"}			}		},		{			"from":[4,25,12.4],			"to":[12.4,25,13],			"rotation":{"angle":0,"axis":"y","origin":[0,14,0]},			"faces":{				"north":{"uv":[0,0,2,0],"texture":"#0"},				"east":{"uv":[0,0,0.25,0],"texture":"#0"},				"south":{"uv":[0,0,2,0],"texture":"#0"},				"west":{"uv":[0,0,0.25,0],"texture":"#0"},				"up":{"uv":[8.5,4,6.5,3.75],"texture":"#0"},				"down":{"uv":[8.25,6.5,6.25,6.75],"texture":"#0"}			}		},		{			"from":[12.4,25,4],			"to":[13,25,13],			"rotation":{"angle":0,"axis":"y","origin":[0,14,0]},			"faces":{				"north":{"uv":[0,0,0.25,0],"texture":"#0"},				"east":{"uv":[0,0,2.25,0],"texture":"#0"},				"south":{"uv":[0,0,0.25,0],"texture":"#0"},				"west":{"uv":[0,0,2.25,0],"texture":"#0"},				"up":{"uv":[6.75,2.75,6.5,0.5],"texture":"#0"},				"down":{"uv":[6.25,6.5,6,8.75],"texture":"#0"}			}		},		{			"from":[11.6194,-3.91342,2],			"to":[16.6194,-3.91342,15],			"rotation":{"angle":22.5,"axis":"z","origin":[8,21,8]},			"faces":{				"north":{"uv":[0,0,0.25,0],"texture":"#0"},				"east":{"uv":[0,0,3.25,0],"texture":"#0"},				"south":{"uv":[0,0,0.25,0],"texture":"#0"},				"west":{"uv":[0,0,3.25,0],"texture":"#0"},				"up":{"uv":[0.5,9.25,0.25,6],"texture":"#0","tintindex":0},				"down":{"uv":[0.75,6,0.5,9.25],"texture":"#0","tintindex":0}			}		},		{			"from":[0.30448,-4.53073,2],			"to":[4.30448,-4.53073,15],			"rotation":{"angle":-22.5,"axis":"z","origin":[8,21,8]},			"faces":{				"north":{"uv":[0,0,0.25,0],"texture":"#0"},				"east":{"uv":[0,0,3.25,0],"texture":"#0"},				"south":{"uv":[0,0,0.25,0],"texture":"#0"},				"west":{"uv":[0,0,3.25,0],"texture":"#0"},				"up":{"uv":[1,9.25,0.75,6],"texture":"#0","tintindex":0},				"down":{"uv":[1.25,6,1,9.25],"texture":"#0","tintindex":0}			}		},		{			"from":[4,-2,-9],			"to":[13,-2,-5],			"rotation":{"angle":0,"axis":"y","origin":[8,21,8]},			"faces":{				"north":{"uv":[0,0,2.25,0],"texture":"#0"},				"east":{"uv":[0,0,1,0],"texture":"#0"},				"south":{"uv":[0,0,2.25,0],"texture":"#0"},				"west":{"uv":[0,0,1,0],"texture":"#0"},				"up":{"uv":[6.5,3,4.25,2],"texture":"#0"},				"down":{"uv":[6.5,3,4.25,4],"texture":"#0","tintindex":0}			}		},		{			"from":[4,-1,23],			"to":[13,-1,27],			"rotation":{"angle":0,"axis":"y","origin":[8,21,8]},			"faces":{				"north":{"uv":[0,0,2.25,0],"texture":"#0"},				"east":{"uv":[0,0,1,0],"texture":"#0"},				"south":{"uv":[0,0,2.25,0],"texture":"#0"},				"west":{"uv":[0,0,1,0],"texture":"#0"},				"up":{"uv":[6.75,5,4.5,4],"texture":"#0","tintindex":0},				"down":{"uv":[2.25,5,0,6],"texture":"#0","tintindex":0}			}		},		{			"from":[4,-1,-8],			"to":[13,-1,-4],			"rotation":{"angle":0,"axis":"y","origin":[8,21,8]},			"faces":{				"north":{"uv":[0,0,2.25,0],"texture":"#0"},				"east":{"uv":[0,0,1,0],"texture":"#0"},				"south":{"uv":[0,0,2.25,0],"texture":"#0"},				"west":{"uv":[0,0,1,0],"texture":"#0"},				"up":{"uv":[6.75,5,4.5,4],"texture":"#0","tintindex":0},				"down":{"uv":[2.25,5,0,6],"texture":"#0"}			}		},		{			"from":[3.75,21.25,3.75],			"to":[3.75,22,13.25],			"rotation":{"angle":0,"axis":"y","origin":[3.75,21.5,3.75]},			"faces":{				"north":{"uv":[6,6.25,8.5,6.5],"texture":"#0"},				"east":{"uv":[6,6.25,8.5,6.5],"texture":"#0"},				"south":{"uv":[6,6.25,8.5,6.5],"texture":"#0"},				"west":{"uv":[6,6.25,8.5,6.5],"texture":"#0"},				"up":{"uv":[6,6.25,8.5,6.5],"texture":"#0"},				"down":{"uv":[6,6.25,8.5,6.5],"texture":"#0"}			}		},		{			"from":[6.1,24,8.75],			"to":[10.1,32,8.75],			"rotation":{"angle":0,"axis":"y","origin":[0,13,0]},			"faces":{				"north":{"uv":[0.25,13.25,2,16],"texture":"#0"},				"east":{"uv":[0.25,13.25,2,16],"texture":"#0"},				"south":{"uv":[2,13.25,0.25,16],"texture":"#0"},				"west":{"uv":[0.25,13.25,2,16],"texture":"#0"},				"up":{"uv":[0.25,13.25,2,16],"texture":"#0"},				"down":{"uv":[0.25,13.25,2,16],"texture":"#0"}			}		},		{			"from":[6.75,8.05807,-5.67863],			"to":[10.75,12.05807,-5.67863],			"rotation":{"angle":0,"axis":"x","origin":[8.25,8.05807,-9.67863]},			"faces":{				"north":{"uv":[13.75,14,15.75,16],"texture":"#0"},				"east":{"uv":[0,0,0,1.25],"texture":"#0"},				"south":{"uv":[13.75,12,16,14],"texture":"#0"},				"west":{"uv":[0,0,0,1.25],"texture":"#0"},				"up":{"uv":[0,0,1.5,0],"texture":"#0"},				"down":{"uv":[0,0,1.5,0],"texture":"#0"}			}		},		{			"from":[22.25,8.05807,6.82137],			"to":[22.25,12.05807,10.82137],			"rotation":{"angle":0,"axis":"y","origin":[29.25,10.05807,-5.67863]},			"faces":{				"north":{"uv":[0,0,0,1.25],"texture":"#0"},				"east":{"uv":[13.75,14,15.75,16],"texture":"#0"},				"south":{"uv":[0,0,0,1.25],"texture":"#0"},				"west":{"uv":[13.75,12,16,14],"texture":"#0"},				"up":{"uv":[0,0,1.5,0],"rotation":90,"texture":"#0"},				"down":{"uv":[0,0,1.5,0],"rotation":270,"texture":"#0"}			}		},		{			"from":[5.75,8.05807,23.32137],			"to":[9.75,12.05807,23.32137],			"rotation":{"angle":0,"axis":"y","origin":[22.25,10.05807,25.32137]},			"faces":{				"north":{"uv":[13.75,12,16,14],"texture":"#0"},				"east":{"uv":[0,0,0,1.25],"texture":"#0"},				"south":{"uv":[13.75,14,15.75,16],"texture":"#0"},				"west":{"uv":[0,0,0,1.25],"texture":"#0"},				"up":{"uv":[0,0,1.5,0],"rotation":180,"texture":"#0"},				"down":{"uv":[0,0,1.5,0],"rotation":180,"texture":"#0"}			}		},		{			"from":[-5.75,8.05807,6.82137],			"to":[-5.75,12.05807,10.82137],			"rotation":{"angle":0,"axis":"y","origin":[-12.75,10.05807,-5.67863]},			"faces":{				"north":{"uv":[0,0,0,1.25],"texture":"#0"},				"east":{"uv":[13.75,12,16,14],"texture":"#0"},				"south":{"uv":[0,0,0,1.25],"texture":"#0"},				"west":{"uv":[13.75,14,15.75,16],"texture":"#0"},				"up":{"uv":[0,0,1.5,0],"rotation":270,"texture":"#0"},				"down":{"uv":[0,0,1.5,0],"rotation":90,"texture":"#0"}			}		},		{			"from":[-5,-2,-5],			"to":[22,21,23],			"rotation":{"angle":0,"axis":"y","origin":[0,1,0]},			"faces":{				"north":{"uv":[0,4.25,6.25,10.25],"texture":"#0","tintindex":0},				"east":{"uv":[0,4.25,6.25,10.25],"texture":"#0","tintindex":0},				"south":{"uv":[0,4.25,6.25,10.25],"texture":"#0","tintindex":0},				"west":{"uv":[0,4.25,6.25,10.25],"texture":"#0","tintindex":0},				"up":{"uv":[0,4.25,6.25,10.25],"texture":"#0","tintindex":0},				"down":{"uv":[10.25,5.5,16,11.25],"texture":"#0"}			}		},		{			"from":[-4,0,-4],			"to":[21,1,22],			"faces":{				"north":{"uv":[13.25,0,16,2.5],"texture":"#0"},				"east":{"uv":[13.25,0,16,2.5],"texture":"#0"},				"south":{"uv":[13.25,0,16,2.5],"texture":"#0"},				"west":{"uv":[13.25,0,16,2.5],"texture":"#0"},				"up":{"uv":[13.25,0,16,2.5],"texture":"#0"},				"down":{"uv":[13.25,0,16,2.5],"texture":"#0"}			}		},		{			"from":[3,-16,4],			"to":[13,-8,13.5],			"faces":{				"north":{"uv":[10.25,0,16,5.25],"texture":"#0"},				"east":{"uv":[10.25,0,16,5.25],"texture":"#0"},				"south":{"uv":[10.25,0,16,5.25],"texture":"#0"},				"west":{"uv":[10.25,0,16,5.25],"texture":"#0"},				"up":{"uv":[10.25,5.5,16,11.25],"texture":"#0"},				"down":{"uv":[10.25,2.75,12.5,5.25],"texture":"#0"}			}		}	],	"gui_light":"front",	"display":{		"thirdperson_righthand":{			"translation":[-0.25,0,0],			"scale":[0.18719,0.18719,0.18719]		},		"thirdperson_lefthand":{			"translation":[-0.25,0,0],			"scale":[0.18719,0.18719,0.18719]		},		"firstperson_righthand":{			"translation":[1.5,0,0],			"scale":[0.125,0.125,0.125]		},		"firstperson_lefthand":{			"translation":[1.5,0,0],			"scale":[0.125,0.125,0.125]		},		"ground":{			"scale":[0.72,0.72,0.72]		},		"gui":{			"rotation":[178.54,22.96,-175.84],			"translation":[0.25,1.25,0],			"scale":[0.36898,0.36898,0.36898]		},		"head":{			"rotation":[9.25,0,0],			"translation":[-0.75,23.25,4.25],			"scale":[1.12875,1.12875,1.12875]		},		"fixed":{			"rotation":[-89,0,0],			"translation":[0,0,-2]		}	},	"groups":[		0,		{			"name":"top",			"origin":[0,0,0],			"color":0,			"nbt":"{}",			"armAnimationEnabled":false,			"children":[1,2,3,4,5,6,7,8,9,10,11,12,13,14,15,16]		},		17,		18	]}