{	"credit":"MadewithBlockbench",	"textures":{		"0":"magiccosmetics:item/brush",		"particle":"magiccosmetics:item/brush"	},	"elements":[		{			"from":[0,9,4],			"to":[16,17,5],			"faces":{				"north":{"uv":[0,1,16,6],"texture":"#0","tintindex":0},				"east":{"uv":[0,1,1,6],"texture":"#0","tintindex":0},				"south":{"uv":[0,1,16,6],"texture":"#0","tintindex":0},				"west":{"uv":[0,1,1,6],"texture":"#0","tintindex":0},				"up":{"uv":[0,0,16,1],"texture":"#0","tintindex":0},				"down":{"uv":[0,1,16,6],"texture":"#0","tintindex":0}			}		},		{			"from":[0,6,4],			"to":[16,9,5],			"faces":{				"north":{"uv":[0,6,16,10],"texture":"#0"},				"east":{"uv":[0,6,16,10],"texture":"#0","tintindex":0},				"south":{"uv":[0,6,16,10],"texture":"#0"},				"west":{"uv":[0,6,16,10],"texture":"#0","tintindex":0},				"up":{"uv":[0,6,16,10],"texture":"#0","tintindex":0},				"down":{"uv":[0,6,16,10],"texture":"#0","tintindex":0}			}		},		{			"from":[5,0,4],			"to":[11,6,5],			"faces":{				"north":{"uv":[5,10,11,16],"texture":"#0"},				"east":{"uv":[9,10,11,16],"texture":"#0","tintindex":0},				"south":{"uv":[5,10,11,16],"texture":"#0"},				"west":{"uv":[10,10,11,16],"texture":"#0","tintindex":0},				"up":{"uv":[5,10,11,16],"texture":"#0","tintindex":0},				"down":{"uv":[5,10,11,16],"texture":"#0","tintindex":0}			}		}	],	"gui_light":"front",	"display":{		"ground":{			"translation":[0,4.25,0]		},		"gui":{			"translation":[0,-0.5,0],			"scale":[0.90625,0.91797,1]		}	}}