{	"credit":"MadewithBlockbench",	"texture_size":[64,64],	"textures":{		"0":"magiccosmetics:item/mexhat"	},	"elements":[		{			"from":[-16,3,-15],			"to":[20,3.1,22],			"faces":{				"north":{"uv":[0.25,0,9,0.25],"texture":"#0"},				"east":{"uv":[0,0,8.75,0],"texture":"#0"},				"south":{"uv":[0.25,0,9,0.25],"texture":"#0"},				"west":{"uv":[0.25,0,9,0.5],"texture":"#0"},				"up":{"uv":[0.25,0.75,9,9.75],"texture":"#0"},				"down":{"uv":[0.25,0.75,9,9.75],"texture":"#0"}			}		},		{			"from":[-2,3,-1],			"to":[7,11,8],			"faces":{				"north":{"uv":[2.5,10.25,4.75,12.75],"texture":"#0"},				"east":{"uv":[4.75,10.25,7,12.75],"texture":"#0"},				"south":{"uv":[7,10.25,9.25,12.75],"texture":"#0"},				"west":{"uv":[0.25,10.25,2.5,12.75],"texture":"#0"},				"up":{"uv":[2.75,2.75,6.75,7],"texture":"#0"},				"down":{"uv":[3.5,3.75,5.75,6],"texture":"#0"}			}		},		{			"from":[-2,8,0],			"to":[5,15,7],			"rotation":{"angle":22.5,"axis":"z","origin":[-1.5,13.5,3.5]},			"faces":{				"north":{"uv":[2.5,11,4.75,12.75],"texture":"#0"},				"east":{"uv":[2.5,11,4.75,12.75],"texture":"#0"},				"south":{"uv":[2.5,11,4.75,12.75],"texture":"#0"},				"west":{"uv":[2.5,11,4.75,12.75],"texture":"#0"},				"up":{"uv":[2.5,11,4.75,12.75],"texture":"#0"},				"down":{"uv":[2.5,11,4.75,12.75],"texture":"#0"}			}		},		{			"from":[-3,15,1],			"to":[2,20,6],			"rotation":{"angle":22.5,"axis":"z","origin":[-1.5,18.5,3.5]},			"faces":{				"north":{"uv":[4.75,11,7,12.75],"texture":"#0"},				"east":{"uv":[4.75,11,7,12.75],"texture":"#0"},				"south":{"uv":[4.75,11,7,12.75],"texture":"#0"},				"west":{"uv":[4.75,11,7,12.75],"texture":"#0"},				"up":{"uv":[4.75,11,7,12.75],"texture":"#0"},				"down":{"uv":[4.75,11,7,12.75],"texture":"#0"}			}		},		{			"from":[-1,19,2],			"to":[2,23,5],			"rotation":{"angle":45,"axis":"z","origin":[-1.5,18.5,3.5]},			"faces":{				"north":{"uv":[2.5,11,3.5,12],"texture":"#0"},				"east":{"uv":[2.5,11,3.5,12],"texture":"#0"},				"south":{"uv":[2.5,11,3.5,12],"texture":"#0"},				"west":{"uv":[2.5,11,3.5,12],"texture":"#0"},				"up":{"uv":[2.5,11,3.5,12],"texture":"#0"},				"down":{"uv":[2.5,11,3.5,12],"texture":"#0"}			}		},		{			"from":[-8,22,3],			"to":[-4,23,4],			"rotation":{"angle":-22.5,"axis":"z","origin":[-1.5,18.5,3.5]},			"faces":{				"north":{"uv":[2.5,11,3,12],"rotation":90,"texture":"#0"},				"east":{"uv":[2.5,11,3,12],"rotation":270,"texture":"#0"},				"south":{"uv":[2.5,11,3,12],"rotation":270,"texture":"#0"},				"west":{"uv":[2.5,11,3,12],"rotation":270,"texture":"#0"},				"up":{"uv":[2.5,11,3,12],"rotation":270,"texture":"#0"},				"down":{"uv":[2.5,11,3,12],"rotation":270,"texture":"#0"}			}		},		{			"from":[7.1,3,0],			"to":[7.1,12,8],			"faces":{				"north":{"uv":[10.5,2,14.75,6.25],"texture":"#0"},				"east":{"uv":[14.75,2,10.5,6.25],"texture":"#0","tintindex":0},				"south":{"uv":[10.5,2,14.75,6.25],"texture":"#0"},				"west":{"uv":[10.5,2,14.75,6.25],"texture":"#0"},				"up":{"uv":[10.5,2,14.75,6.25],"texture":"#0"},				"down":{"uv":[10.5,2,14.75,6.25],"texture":"#0"}			}		}	],	"gui_light":"front",	"display":{		"thirdperson_righthand":{			"rotation":[-77.57,89.68,145.17],			"translation":[1,4.25,0],			"scale":[0.36523,0.36523,0.36523]		},		"thirdperson_lefthand":{			"rotation":[-77.57,89.68,145.17],			"translation":[3.75,1.25,0],			"scale":[0.36523,0.36523,0.36523]		},		"firstperson_righthand":{			"translation":[6.5,0,0],			"scale":[0.30469,0.30469,0.30469]		},		"firstperson_lefthand":{			"translation":[6.5,0,0],			"scale":[0.30469,0.30469,0.30469]		},		"ground":{			"translation":[0,11.75,0]		},		"gui":{			"rotation":[-154.16,-41.72,-167.07],			"translation":[-2.5,0,0],			"scale":[0.42773,0.42773,0.42773]		},		"head":{			"rotation":[-155,88.75,-180],			"translation":[6.5,13.75,-4.25],			"scale":[1.52539,1.52539,1.52539]		},		"fixed":{			"rotation":[-180,86,-180],			"translation":[1.5,0,-5.5],			"scale":[0.42578,0.42578,0.42578]		}	}}