{
	"credit": "Made with Blockbench",
	"texture_size": [64, 64],
	"textures": {
		"1": "magiccosmetics:item/drops",
		"2": "magiccosmetics:item/rudder",
		"3": "magiccosmetics:item/anchor",
		"particle": "magiccosmetics:item/drops"
	},
	"elements": [
		{
			"from": [12.25, 15.25, 8.1],
			"to": [21, 24.75, 9.2],
			"rotation": {"angle": 45, "axis": "z", "origin": [25.125, 9.125, 8.15]},
			"faces": {
				"north": {"uv": [0, 0, 16, 16], "texture": "#1"},
				"east": {"uv": [0, 0, 0.25, 5.5], "texture": "#1"},
				"south": {"uv": [16, 0, 0, 16], "texture": "#1"},
				"west": {"uv": [0, 0, 0.25, 5.5], "texture": "#1"},
				"up": {"uv": [0, 0, 0.25, 3.25], "texture": "#1"},
				"down": {"uv": [0, 0, 1.25, 2.25], "texture": "#1"}
			}
		},
		{
			"from": [8.25, 2.25, 8.1],
			"to": [17, 11, 9.2],
			"rotation": {"angle": 45, "axis": "z", "origin": [25.625, 7.125, 8.15]},
			"faces": {
				"north": {"uv": [16, 0, 0, 16], "texture": "#1"},
				"east": {"uv": [0, 0, 0.25, 5.5], "texture": "#1"},
				"south": {"uv": [0, 0, 16, 16], "texture": "#1"},
				"west": {"uv": [0, 0, 0.25, 5.5], "texture": "#1"},
				"up": {"uv": [0, 0, 0.25, 3.25], "texture": "#1"},
				"down": {"uv": [0, 0, 1.25, 2.25], "texture": "#1"}
			}
		},
		{
			"from": [-0.5, 9.51043, 10.97488],
			"to": [16.5, 11.51043, 11.97488],
			"rotation": {"angle": 45, "axis": "z", "origin": [8, 10.13056, 18.23744]},
			"faces": {
				"north": {"uv": [1.75, 9, 2.25, 11.75], "rotation": 270, "texture": "#2"},
				"east": {"uv": [3.25, 7, 3.75, 7], "rotation": 270, "texture": "#2"},
				"south": {"uv": [3.25, 4.25, 3.75, 8.5], "rotation": 270, "texture": "#2"},
				"west": {"uv": [3.25, 6.5, 3.75, 7], "rotation": 270, "texture": "#2"},
				"up": {"uv": [3.25, 4.25, 3.5, 8.5], "rotation": 270, "texture": "#2"},
				"down": {"uv": [3.25, 4.25, 3.75, 7], "rotation": 270, "texture": "#2"}
			}
		},
		{
			"from": [-3.11669, 9.75069, 10],
			"to": [18.88331, 10.75069, 11],
			"rotation": {"angle": 45, "axis": "z", "origin": [8, 10.13056, 18.23744]},
			"faces": {
				"north": {"uv": [5.25, 6.25, 10.75, 6.5], "texture": "#2"},
				"east": {"uv": [5.25, 6.25, 5.5, 6.5], "texture": "#2"},
				"south": {"uv": [5.25, 6.25, 10.75, 6.5], "texture": "#2"},
				"west": {"uv": [5.25, 6.25, 5.5, 6.5], "texture": "#2"},
				"up": {"uv": [5.25, 6.25, 10.75, 6.5], "texture": "#2"},
				"down": {"uv": [5.25, 6.25, 10.75, 6.5], "texture": "#2"}
			}
		},
		{
			"from": [-3.11669, 8.75069, 10],
			"to": [18.88331, 9.75069, 11],
			"rotation": {"angle": 45, "axis": "z", "origin": [8, 10.13056, 18.23744]},
			"faces": {
				"north": {"uv": [5.25, 6.25, 10.75, 6.5], "texture": "#2"},
				"east": {"uv": [5.25, 6.25, 5.5, 6.5], "texture": "#2"},
				"south": {"uv": [5.25, 6.25, 10.75, 6.5], "texture": "#2"},
				"west": {"uv": [5.25, 6.25, 5.5, 6.5], "texture": "#2"},
				"up": {"uv": [5.25, 6.25, 10.75, 6.5], "texture": "#2"},
				"down": {"uv": [5.25, 6.25, 10.75, 6.5], "texture": "#2"}
			}
		},
		{
			"from": [0.5, 10.51043, 11.97488],
			"to": [2.5, 11.51043, 15.97488],
			"rotation": {"angle": 45, "axis": "z", "origin": [8, 10.13056, 18.23744]},
			"faces": {
				"north": {"uv": [3.25, 6.75, 4, 7.25], "rotation": 270, "texture": "#2"},
				"east": {"uv": [3.25, 6.75, 4, 7.25], "rotation": 270, "texture": "#2"},
				"south": {"uv": [3.25, 6.75, 3.75, 7.25], "rotation": 270, "texture": "#2"},
				"west": {"uv": [3.25, 6.5, 3.5, 7.25], "rotation": 270, "texture": "#2"},
				"up": {"uv": [3.25, 6.75, 4, 7.25], "rotation": 270, "texture": "#2"},
				"down": {"uv": [3.25, 6.75, 4, 7.25], "rotation": 270, "texture": "#2"}
			}
		},
		{
			"from": [13.5, 10.51043, 11.97488],
			"to": [15.5, 11.51043, 15.97488],
			"rotation": {"angle": 45, "axis": "z", "origin": [8, 10.13056, 18.23744]},
			"faces": {
				"north": {"uv": [3.25, 6.75, 4, 7.25], "rotation": 270, "texture": "#2"},
				"east": {"uv": [3.5, 6.75, 3.75, 7.25], "rotation": 270, "texture": "#2"},
				"south": {"uv": [3.25, 6.75, 3.5, 7.25], "rotation": 270, "texture": "#2"},
				"west": {"uv": [3.25, 6.75, 3.75, 7.25], "rotation": 270, "texture": "#2"},
				"up": {"uv": [3.25, 6.75, 4, 7.25], "rotation": 270, "texture": "#2"},
				"down": {"uv": [3.25, 6.75, 4, 7.25], "rotation": 270, "texture": "#2"}
			}
		},
		{
			"from": [7, -4, 7.1],
			"to": [9, 20, 9.9],
			"faces": {
				"north": {"uv": [2.25, 7.75, 2.75, 13.75], "texture": "#3"},
				"east": {"uv": [2.25, 7.75, 2.95, 13.75], "texture": "#3"},
				"south": {"uv": [2.25, 7.75, 2.75, 13.75], "texture": "#3"},
				"west": {"uv": [2.3, 7.75, 3, 13.75], "texture": "#3"},
				"up": {"uv": [2, 8.5, 3, 13.75], "texture": "#3"},
				"down": {"uv": [2, 8.5, 2.5, 9.2], "texture": "#3"}
			}
		},
		{
			"from": [1, 15, 7],
			"to": [15, 16, 10],
			"faces": {
				"north": {"uv": [0.5, 2.5, 4, 2.75], "texture": "#3"},
				"east": {"uv": [0.5, 2.5, 1.25, 2.75], "texture": "#3"},
				"south": {"uv": [0.5, 2.5, 4, 2.75], "texture": "#3"},
				"west": {"uv": [0.5, 2.5, 1.25, 2.75], "texture": "#3"},
				"up": {"uv": [0.75, 13.25, 4.25, 12.75], "texture": "#3"},
				"down": {"uv": [0.5, 2.5, 4, 2.75], "texture": "#3"}
			}
		},
		{
			"from": [5, 14, 7],
			"to": [11, 15, 10],
			"faces": {
				"north": {"uv": [0.5, 2.5, 2, 2.75], "texture": "#3"},
				"east": {"uv": [0.5, 2.75, 1.25, 2.75], "texture": "#3"},
				"south": {"uv": [0.5, 2.5, 2, 2.75], "texture": "#3"},
				"west": {"uv": [0.5, 2.5, 1.25, 2.75], "texture": "#3"},
				"up": {"uv": [0.5, 2.5, 4.25, 2.75], "texture": "#3"},
				"down": {"uv": [1, 12.75, 2.5, 13.5], "texture": "#3"}
			}
		},
		{
			"from": [2, -1, 7],
			"to": [14, 1, 9.99],
			"faces": {
				"north": {"uv": [1, 13, 4, 13.5], "texture": "#3"},
				"east": {"uv": [0.75, 13.25, 1.75, 13.25], "texture": "#3"},
				"south": {"uv": [0.75, 12.75, 4, 13.25], "texture": "#3"},
				"west": {"uv": [0.75, 13.25, 1.75, 13.75], "texture": "#3"},
				"up": {"uv": [0.75, 13, 4, 13.75], "texture": "#3"},
				"down": {"uv": [0.75, 13, 3.75, 13.7475], "texture": "#3"}
			}
		},
		{
			"from": [6, -2, 7.15],
			"to": [10, 2, 10.25],
			"faces": {
				"north": {"uv": [2, 12.75, 3, 13.75], "texture": "#3"},
				"east": {"uv": [1.75, 12.75, 2.75, 13.75], "texture": "#3"},
				"south": {"uv": [2, 12.75, 3, 13.75], "texture": "#3"},
				"west": {"uv": [1.75, 12.5, 3, 13.75], "texture": "#3"},
				"up": {"uv": [2, 12.75, 3, 13.525], "texture": "#3"},
				"down": {"uv": [1.75, 12.5, 2.75, 13.275], "texture": "#3"}
			}
		},
		{
			"from": [6, 20, 7],
			"to": [10, 21, 10],
			"faces": {
				"north": {"uv": [1.75, 2.75, 2.75, 2.5], "texture": "#3"},
				"east": {"uv": [1.75, 2.75, 2.5, 2.5], "texture": "#3"},
				"south": {"uv": [1.75, 2.75, 2.75, 2.5], "texture": "#3"},
				"west": {"uv": [1.75, 2.75, 2.5, 2.5], "texture": "#3"},
				"up": {"uv": [3, 13.5, 4.25, 12.75], "texture": "#3"},
				"down": {"uv": [1.75, 2.75, 3, 2.5], "texture": "#3"}
			}
		},
		{
			"from": [6, 23, 7],
			"to": [10, 24, 10],
			"faces": {
				"north": {"uv": [1.75, 2.75, 2.75, 2.5], "texture": "#3"},
				"east": {"uv": [1.75, 2.75, 2.5, 2.5], "texture": "#3"},
				"south": {"uv": [1.75, 2.75, 3, 2.5], "texture": "#3"},
				"west": {"uv": [1.75, 2.75, 2.5, 2.5], "texture": "#3"},
				"up": {"uv": [3, 13.5, 4, 12.75], "texture": "#3"},
				"down": {"uv": [1.75, 2.75, 3, 2.5], "texture": "#3"}
			}
		},
		{
			"from": [9, 21, 7],
			"to": [11, 23, 10],
			"faces": {
				"north": {"uv": [3.25, 13.75, 3.75, 13.25], "texture": "#3"},
				"east": {"uv": [2.25, 9, 3, 8.5], "texture": "#3"},
				"south": {"uv": [2.25, 8.75, 2.75, 8.5], "texture": "#3"},
				"west": {"uv": [2.25, 9, 3, 8.5], "texture": "#3"},
				"up": {"uv": [2.25, 9.25, 2.75, 8.5], "texture": "#3"},
				"down": {"uv": [2.25, 9.25, 3, 8.5], "texture": "#3"}
			}
		},
		{
			"from": [5, 21, 7],
			"to": [7, 23, 10],
			"faces": {
				"north": {"uv": [2, 9, 2.5, 8.5], "texture": "#3"},
				"east": {"uv": [2, 9, 2.75, 8.5], "texture": "#3"},
				"south": {"uv": [2, 9, 2.5, 8.5], "texture": "#3"},
				"west": {"uv": [2, 9, 2.75, 8.5], "texture": "#3"},
				"up": {"uv": [2, 9.25, 2.75, 8.5], "texture": "#3"},
				"down": {"uv": [2, 9.25, 2.75, 8.5], "texture": "#3"}
			}
		},
		{
			"from": [12, 0, 7.1],
			"to": [15, 3, 10.2],
			"faces": {
				"north": {"uv": [3.25, 13, 4, 13.75], "texture": "#3"},
				"east": {"uv": [3.25, 13, 4, 13.75], "texture": "#3"},
				"south": {"uv": [3.25, 13, 4, 13.75], "texture": "#3"},
				"west": {"uv": [3.25, 13, 4, 13.75], "texture": "#3"},
				"up": {"uv": [3.25, 13, 4, 13.75], "texture": "#3"},
				"down": {"uv": [3.25, 13, 4, 13.75], "texture": "#3"}
			}
		},
		{
			"from": [1, 0, 7.1],
			"to": [4, 3, 10.1],
			"faces": {
				"north": {"uv": [3.25, 13, 4, 13.75], "texture": "#3"},
				"east": {"uv": [3.25, 13, 4, 13.75], "texture": "#3"},
				"south": {"uv": [3.25, 13, 4, 13.75], "texture": "#3"},
				"west": {"uv": [3.25, 13, 4, 13.75], "texture": "#3"},
				"up": {"uv": [3.25, 13, 4, 13.75], "texture": "#3"},
				"down": {"uv": [3.25, 13, 4, 13.75], "texture": "#3"}
			}
		},
		{
			"from": [14, 2, 7],
			"to": [17, 5, 10],
			"faces": {
				"north": {"uv": [3.25, 13, 4, 13.75], "texture": "#3"},
				"east": {"uv": [3.25, 13, 4, 13.75], "texture": "#3"},
				"south": {"uv": [3.25, 13, 4, 13.75], "texture": "#3"},
				"west": {"uv": [3.25, 13, 4, 13.75], "texture": "#3"},
				"up": {"uv": [3.25, 13, 4, 13.75], "texture": "#3"},
				"down": {"uv": [3.25, 13, 4, 13.75], "texture": "#3"}
			}
		},
		{
			"from": [-1, 2, 7],
			"to": [2, 5, 10],
			"faces": {
				"north": {"uv": [3.25, 13, 4, 13.75], "texture": "#3"},
				"east": {"uv": [3.25, 13, 4, 13.75], "texture": "#3"},
				"south": {"uv": [3.25, 13, 4, 13.75], "texture": "#3"},
				"west": {"uv": [3.25, 13, 4, 13.75], "texture": "#3"},
				"up": {"uv": [3.25, 13, 4, 13.75], "texture": "#3"},
				"down": {"uv": [3.25, 13, 4, 13.75], "texture": "#3"}
			}
		},
		{
			"from": [16, 5, 7],
			"to": [18, 6, 10],
			"faces": {
				"north": {"uv": [3.25, 13.5, 3.75, 13.75], "texture": "#3"},
				"east": {"uv": [3.25, 13.5, 4, 13.75], "texture": "#3"},
				"south": {"uv": [3.25, 13.5, 3.75, 13.75], "texture": "#3"},
				"west": {"uv": [3.25, 13, 4, 13.75], "texture": "#3"},
				"up": {"uv": [3.25, 13, 3.75, 13.75], "texture": "#3"},
				"down": {"uv": [3.25, 13, 4, 13.75], "texture": "#3"}
			}
		},
		{
			"from": [-2, 5, 7],
			"to": [0, 6, 10],
			"faces": {
				"north": {"uv": [3.25, 13.5, 3.75, 13.75], "texture": "#3"},
				"east": {"uv": [3.25, 13.5, 4, 13.75], "texture": "#3"},
				"south": {"uv": [3.25, 13.5, 3.75, 13.75], "texture": "#3"},
				"west": {"uv": [3.25, 13.5, 4, 13.75], "texture": "#3"},
				"up": {"uv": [3.25, 12.75, 3.75, 13.75], "texture": "#3"},
				"down": {"uv": [3.25, 13, 4, 13.75], "texture": "#3"}
			}
		},
		{
			"from": [-2.8, -5.9, 8],
			"to": [19, 14, 8],
			"rotation": {"angle": 45, "axis": "z", "origin": [8.5, 9, 11]},
			"faces": {
				"north": {"uv": [16, 4, 4.5, 16], "texture": "#3"},
				"east": {"uv": [0, 0, 0.25, 4.5], "texture": "#3"},
				"south": {"uv": [4.5, 4, 8, 5.75], "texture": "#3"},
				"west": {"uv": [0, 0, 0.25, 4.5], "texture": "#3"},
				"up": {"uv": [0, 0, 4.25, 0.25], "texture": "#3"},
				"down": {"uv": [0, 0, 4.25, 0.25], "texture": "#3"}
			}
		}
	],
	"gui_light": "front",
	"display": {
		"thirdperson_righthand": {
			"rotation": [66.75, 0, 0],
			"translation": [-11.25, 0, -3.75],
			"scale": [0.63867, 0.63867, 0.63867]
		},
		"thirdperson_lefthand": {
			"rotation": [66.75, 0, 0],
			"translation": [-15, 0, -3.75],
			"scale": [0.63867, 0.63867, 0.63867]
		},
		"firstperson_righthand": {
			"translation": [5.75, 0, 0],
			"scale": [0.35156, 0.35156, 0.35156]
		},
		"firstperson_lefthand": {
			"translation": [3.75, 0, 0],
			"scale": [0.35156, 0.35156, 0.35156]
		},
		"ground": {
			"scale": [0.41602, 0.41602, 0.41602]
		},
		"gui": {
			"rotation": [-176.43, 24.92, 135.15],
			"translation": [0.25, 0, 0],
			"scale": [0.55664, 0.55664, 0.55664]
		},
		"head": {
			"rotation": [-180, -0.25, 135.75],
			"translation": [1.75, -43.5, 11.75],
			"scale": [1.27148, 1.27148, 1.27148]
		},
		"fixed": {
			"translation": [0, -5, -4.25]
		}
	},
	"groups": [
		{
			"name": "group",
			"origin": [0, 0, 0],
			"color": 0,
			"boneType": "",
			"children": [
				0,
				1,
				{
					"name": "group",
					"origin": [12, 23.51043, 16.47488],
					"color": 0,
					"boneType": "",
					"children": [2, 3, 4, 5, 6]
				},
				{
					"name": "group",
					"origin": [0, 11.5, 11.5],
					"color": 0,
					"boneType": "",
					"children": []
				},
				7,
				8,
				9,
				10,
				11,
				12,
				13,
				14,
				15,
				16,
				17,
				18,
				19,
				20,
				21,
				22
			]
		}
	]
}