{
	"credit": "Made with Blockbench",
	"texture_size": [64, 64],
	"textures": {
		"2": "magiccosmetics:item/hat1",
		"particle": "magiccosmetics:item/hat1"
	},
	"elements": [
		{
			"from": [16, 15, -1],
			"to": [17, 16, 18],
			"faces": {
				"north": {"uv": [1.5, 3, 1.75, 3.25], "texture": "#2", "tintindex": 0},
				"east": {"uv": [1.5, 3, 6.25, 3.25], "texture": "#2", "tintindex": 0},
				"south": {"uv": [1.5, 3, 1.75, 3.25], "texture": "#2", "tintindex": 0},
				"west": {"uv": [1.5, 3, 6.25, 3.25], "texture": "#2", "tintindex": 0},
				"up": {"uv": [1.5, 3, 6.25, 3.25], "rotation": 90, "texture": "#2"},
				"down": {"uv": [1.5, 3, 6.25, 3.25], "rotation": 90, "texture": "#2"}
			}
		},
		{
			"from": [16, 16, -2],
			"to": [17.25, 17, 19],
			"faces": {
				"north": {"uv": [1.25, 2.75, 1.5, 3], "texture": "#2", "tintindex": 0},
				"east": {"uv": [1.25, 2.75, 6.5, 3], "texture": "#2", "tintindex": 0},
				"south": {"uv": [1.25, 2.75, 1.5, 3], "texture": "#2", "tintindex": 0},
				"west": {"uv": [1.25, 2.75, 6.5, 3], "texture": "#2", "tintindex": 0},
				"up": {"uv": [1.25, 3, 6.5, 2.75], "rotation": 90, "texture": "#2"},
				"down": {"uv": [1.25, 2.75, 6.5, 3.0625], "rotation": 90, "texture": "#2"}
			}
		},
		{
			"from": [16, 17, -3],
			"to": [17.5, 18, 20],
			"faces": {
				"north": {"uv": [1.25, 2.75, 1.5, 3], "texture": "#2", "tintindex": 0},
				"east": {"uv": [1, 2.5, 6.75, 2.75], "texture": "#2", "tintindex": 0},
				"south": {"uv": [1.25, 2.75, 1.5, 3], "texture": "#2", "tintindex": 0},
				"west": {"uv": [1.25, 2.75, 6.5, 3], "texture": "#2", "tintindex": 0},
				"up": {"uv": [1.25, 3, 6.5, 2.75], "rotation": 90, "texture": "#2"},
				"down": {"uv": [1.25, 2.5, 7, 2.75], "rotation": 90, "texture": "#2"}
			}
		},
		{
			"from": [16.25, 18, -4],
			"to": [17.5, 19, 21],
			"faces": {
				"north": {"uv": [0.75, 2.25, 1, 2.5], "texture": "#2", "tintindex": 0},
				"east": {"uv": [0.75, 2.25, 7, 2.5], "texture": "#2", "tintindex": 0},
				"south": {"uv": [0.75, 2.25, 1, 2.5], "texture": "#2", "tintindex": 0},
				"west": {"uv": [0.75, 2.25, 7, 2.5], "texture": "#2", "tintindex": 0},
				"up": {"uv": [0.75, 2.25, 7, 2.5], "rotation": 90, "texture": "#2"},
				"down": {"uv": [0.75, 2.25, 7, 2.5], "rotation": 90, "texture": "#2"}
			}
		},
		{
			"from": [16.75, 19, -5],
			"to": [17.75, 20, 22],
			"faces": {
				"north": {"uv": [0.5, 2, 1, 2.25], "texture": "#2"},
				"east": {"uv": [0.5, 2, 7.25, 2.25], "texture": "#2", "tintindex": 0},
				"south": {"uv": [0.5, 2, 0.75, 2.25], "texture": "#2", "tintindex": 0},
				"west": {"uv": [0.5, 2, 7.25, 2.25], "texture": "#2", "tintindex": 0},
				"up": {"uv": [0.5, 2, 7.25, 2.5], "rotation": 90, "texture": "#2"},
				"down": {"uv": [0.5, 2, 7.25, 2.25], "rotation": 90, "texture": "#2"}
			}
		},
		{
			"from": [17, 20, -6],
			"to": [18, 22, 23],
			"faces": {
				"north": {"uv": [0.25, 1.5, 0.5, 2], "texture": "#2", "tintindex": 0},
				"east": {"uv": [0.25, 1.5, 7.5, 2], "texture": "#2", "tintindex": 0},
				"south": {"uv": [0.25, 1.5, 0.5, 2], "texture": "#2", "tintindex": 0},
				"west": {"uv": [0.25, 1.5, 7.5, 2], "texture": "#2", "tintindex": 0},
				"up": {"uv": [0.25, 1.5, 7.5, 1.75], "rotation": 90, "texture": "#2", "tintindex": 0},
				"down": {"uv": [0.25, 1.75, 7.5, 2], "rotation": 90, "texture": "#2"}
			}
		},
		{
			"from": [17, 23, -1],
			"to": [18, 24, 5],
			"faces": {
				"north": {"uv": [4.75, 1.25, 5, 1.5], "texture": "#2", "tintindex": 0},
				"east": {"uv": [4.75, 1, 6.25, 1.25], "texture": "#2", "tintindex": 0},
				"south": {"uv": [4.75, 1.25, 5, 1.5], "texture": "#2", "tintindex": 0},
				"west": {"uv": [4.75, 1.25, 6.5, 1.5], "texture": "#2", "tintindex": 0},
				"up": {"uv": [4.75, 1, 6.25, 1.25], "rotation": 90, "texture": "#2", "tintindex": 0},
				"down": {"uv": [4.75, 1.25, 6.5, 1.5], "texture": "#2"}
			}
		},
		{
			"from": [17, 24, 0],
			"to": [18, 25, 5],
			"faces": {
				"north": {"uv": [4.75, 1.25, 5, 1.5], "texture": "#2", "tintindex": 0},
				"east": {"uv": [4.75, 0.75, 6, 1], "texture": "#2", "tintindex": 0},
				"south": {"uv": [4.75, 1.25, 5, 1.5], "texture": "#2", "tintindex": 0},
				"west": {"uv": [4.75, 0.75, 6, 1], "texture": "#2", "tintindex": 0},
				"up": {"uv": [4.75, 0.75, 6, 1], "rotation": 90, "texture": "#2", "tintindex": 0},
				"down": {"uv": [4.75, 1.25, 6.5, 1.5], "texture": "#2"}
			}
		},
		{
			"from": [17, 25, 1],
			"to": [18, 26, 5],
			"faces": {
				"north": {"uv": [4.75, 1.25, 5, 1.5], "texture": "#2", "tintindex": 0},
				"east": {"uv": [4.75, 0.5, 5.75, 0.75], "texture": "#2", "tintindex": 0},
				"south": {"uv": [4.75, 1.25, 5, 1.5], "texture": "#2", "tintindex": 0},
				"west": {"uv": [4.75, 0.5, 5.75, 0.75], "texture": "#2", "tintindex": 0},
				"up": {"uv": [4.75, 0.5, 5.75, 0.75], "rotation": 90, "texture": "#2", "tintindex": 0},
				"down": {"uv": [4.75, 1.25, 6.5, 1.5], "texture": "#2"}
			}
		},
		{
			"from": [17, 26, 2],
			"to": [18, 27, 6],
			"faces": {
				"north": {"uv": [4.5, 0.25, 4.75, 0.5], "texture": "#2", "tintindex": 0},
				"east": {"uv": [4.5, 0.25, 5.5, 0.5], "texture": "#2", "tintindex": 0},
				"south": {"uv": [4.5, 0.25, 4.75, 0.5], "texture": "#2", "tintindex": 0},
				"west": {"uv": [4.5, 0.25, 5.5, 0.5], "texture": "#2", "tintindex": 0},
				"up": {"uv": [4.5, 0.25, 5.5, 0.5], "rotation": 90, "texture": "#2", "tintindex": 0},
				"down": {"uv": [4.5, 0.25, 5.5, 0.5], "texture": "#2", "tintindex": 0}
			}
		},
		{
			"from": [17, 22, -2],
			"to": [18, 23, 5],
			"faces": {
				"north": {"uv": [4.75, 1.25, 5, 1.5], "texture": "#2", "tintindex": 0},
				"east": {"uv": [4.75, 1.25, 6.5, 1.5], "texture": "#2", "tintindex": 0},
				"south": {"uv": [4.75, 1.25, 5, 1.5], "texture": "#2", "tintindex": 0},
				"west": {"uv": [4.75, 1.25, 6.5, 1.5], "texture": "#2", "tintindex": 0},
				"up": {"uv": [4.75, 1.25, 6.5, 1.5], "rotation": 90, "texture": "#2", "tintindex": 0},
				"down": {"uv": [4.75, 1.25, 6.5, 1.5], "texture": "#2"}
			}
		},
		{
			"from": [17, 26, 11],
			"to": [18, 27, 15],
			"faces": {
				"north": {"uv": [4.5, 0.25, 4.75, 0.5], "texture": "#2", "tintindex": 0},
				"east": {"uv": [4.5, 0.25, 5.5, 0.5], "texture": "#2", "tintindex": 0},
				"south": {"uv": [4.5, 0.25, 4.75, 0.5], "texture": "#2", "tintindex": 0},
				"west": {"uv": [4.5, 0.25, 5.5, 0.5], "texture": "#2", "tintindex": 0},
				"up": {"uv": [4.5, 0.25, 5.5, 0.5], "rotation": 90, "texture": "#2", "tintindex": 0},
				"down": {"uv": [4.5, 0.25, 5.5, 0.5], "texture": "#2", "tintindex": 0}
			}
		},
		{
			"from": [17, 25, 12],
			"to": [18, 26, 16],
			"faces": {
				"north": {"uv": [4.75, 1.25, 5, 1.5], "texture": "#2", "tintindex": 0},
				"east": {"uv": [4.75, 0.5, 5.75, 0.75], "texture": "#2", "tintindex": 0},
				"south": {"uv": [4.75, 1.25, 5, 1.5], "texture": "#2", "tintindex": 0},
				"west": {"uv": [4.75, 0.5, 5.75, 0.75], "texture": "#2", "tintindex": 0},
				"up": {"uv": [4.75, 0.5, 5.75, 0.75], "rotation": 90, "texture": "#2"},
				"down": {"uv": [4.75, 1.25, 6.5, 1.5], "texture": "#2"}
			}
		},
		{
			"from": [17, 24, 12],
			"to": [18, 25, 17],
			"faces": {
				"north": {"uv": [4.75, 1.25, 5, 1.5], "texture": "#2", "tintindex": 0},
				"east": {"uv": [4.75, 0.75, 6, 1], "texture": "#2", "tintindex": 0},
				"south": {"uv": [4.75, 1.25, 5, 1.5], "texture": "#2", "tintindex": 0},
				"west": {"uv": [4.75, 0.75, 6, 1], "texture": "#2", "tintindex": 0},
				"up": {"uv": [4.75, 0.75, 6, 1], "rotation": 90, "texture": "#2"},
				"down": {"uv": [4.75, 1.25, 6.5, 1.5], "texture": "#2"}
			}
		},
		{
			"from": [17, 23, 12],
			"to": [18, 24, 18],
			"faces": {
				"north": {"uv": [4.75, 1.25, 5, 1.5], "texture": "#2", "tintindex": 0},
				"east": {"uv": [4.75, 1, 6.25, 1.25], "texture": "#2", "tintindex": 0},
				"south": {"uv": [4.75, 1.25, 5, 1.5], "texture": "#2", "tintindex": 0},
				"west": {"uv": [4.75, 1.25, 6.5, 1.5], "texture": "#2", "tintindex": 0},
				"up": {"uv": [4.75, 1, 6.25, 1.25], "rotation": 90, "texture": "#2"},
				"down": {"uv": [4.75, 1.25, 6.5, 1.5], "texture": "#2"}
			}
		},
		{
			"from": [17, 22, 12],
			"to": [18, 23, 19],
			"faces": {
				"north": {"uv": [4.75, 1.25, 5, 1.5], "texture": "#2", "tintindex": 0},
				"east": {"uv": [4.75, 1.25, 6.5, 1.5], "texture": "#2", "tintindex": 0},
				"south": {"uv": [4.75, 1.25, 5, 1.5], "texture": "#2", "tintindex": 0},
				"west": {"uv": [4.75, 1.25, 6.5, 1.5], "texture": "#2", "tintindex": 0},
				"up": {"uv": [4.75, 1.25, 6.5, 1.5], "rotation": 90, "texture": "#2"},
				"down": {"uv": [4.75, 1.25, 6.5, 1.5], "texture": "#2"}
			}
		},
		{
			"from": [-0.01, 14, 0],
			"to": [14.99, 20, 17],
			"rotation": {"angle": 22.5, "axis": "z", "origin": [8.49, 18, 8.5]},
			"faces": {
				"north": {"uv": [7.5, 1.5, 11.25, 3], "texture": "#2"},
				"east": {"uv": [7.5, 1.5, 11.5, 3], "texture": "#2"},
				"south": {"uv": [7.5, 1.5, 11.25, 3], "texture": "#2"},
				"west": {"uv": [7.5, 1.5, 11.75, 3], "texture": "#2"},
				"up": {"uv": [7.5, 1.75, 12.25, 6], "texture": "#2"},
				"down": {"uv": [11.75, 3, 12, 3.25], "texture": "#2"}
			}
		},
		{
			"from": [-0.01, 19, -1],
			"to": [15.24, 20, 0],
			"rotation": {"angle": 22.5, "axis": "z", "origin": [8.49, 18, 8.5]},
			"faces": {
				"north": {"uv": [7.5, 1.5, 11.25, 1.75], "texture": "#2", "tintindex": 0},
				"east": {"uv": [7.5, 1.5, 7.75, 1.75], "texture": "#2"},
				"south": {"uv": [7.5, 1.5, 11.25, 1.75], "texture": "#2", "tintindex": 0},
				"west": {"uv": [7.5, 1.5, 7.75, 1.75], "texture": "#2"},
				"up": {"uv": [7.5, 1.5, 11.25, 1.75], "texture": "#2", "tintindex": 0},
				"down": {"uv": [7.5, 1.5, 11.25, 1.75], "texture": "#2", "tintindex": 0}
			}
		},
		{
			"from": [-0.01, 19, 17],
			"to": [14.99, 20, 18],
			"rotation": {"angle": 22.5, "axis": "z", "origin": [8.49, 18, 8.5]},
			"faces": {
				"north": {"uv": [7.5, 1.5, 11.25, 1.75], "texture": "#2", "tintindex": 0},
				"east": {"uv": [7.5, 1.5, 7.75, 1.75], "texture": "#2", "tintindex": 0},
				"south": {"uv": [7.5, 1.5, 11.25, 1.75], "texture": "#2", "tintindex": 0},
				"west": {"uv": [7.5, 1.5, 7.75, 1.75], "texture": "#2", "tintindex": 0},
				"up": {"uv": [7.5, 1.5, 11.25, 1.75], "texture": "#2", "tintindex": 0},
				"down": {"uv": [7.5, 1.5, 11.25, 1.75], "texture": "#2", "tintindex": 0}
			}
		},
		{
			"from": [-0.6161, 15.26288, -1],
			"to": [0.3839, 16.26288, 18],
			"rotation": {"angle": 22.5, "axis": "z", "origin": [-0.8661, 16.26288, 7.5]},
			"faces": {
				"north": {"uv": [7.5, 1.5, 7.75, 1.75], "texture": "#2", "tintindex": 0},
				"east": {"uv": [7.5, 1.5, 11.25, 1.75], "texture": "#2", "tintindex": 0},
				"south": {"uv": [7.5, 1.5, 7.75, 1.75], "texture": "#2", "tintindex": 0},
				"west": {"uv": [7.5, 1.5, 12.25, 1.75], "texture": "#2", "tintindex": 0},
				"up": {"uv": [7.5, 1.5, 12.25, 1.75], "rotation": 90, "texture": "#2", "tintindex": 0},
				"down": {"uv": [7.5, 1.5, 12.25, 1.75], "rotation": 270, "texture": "#2", "tintindex": 0}
			}
		},
		{
			"from": [13.75, 16.33, 0.01],
			"to": [16.95, 22.33, 16.91],
			"rotation": {"angle": 0, "axis": "z", "origin": [8.49, 18, 8.5]},
			"faces": {
				"north": {"uv": [7.5, 1.5, 8.3, 3], "texture": "#2"},
				"east": {"uv": [7.75, 1.75, 11.975, 3.25], "texture": "#2"},
				"south": {"uv": [7.5, 1.5, 8, 3], "texture": "#2"},
				"west": {"uv": [7.5, 1.5, 7.75, 3], "texture": "#2"},
				"up": {"uv": [7.5, 2, 7.75, 2.25], "texture": "#2"},
				"down": {"uv": [7.5, 2.5, 8, 4], "texture": "#2"}
			}
		},
		{
			"from": [13.75, 21.33, 17.11],
			"to": [16.95, 22.33, 18.01],
			"rotation": {"angle": 0, "axis": "y", "origin": [8.49, 18, 8.5]},
			"faces": {
				"north": {"uv": [7.5, 1.5, 8.05, 1.75], "texture": "#2", "tintindex": 0},
				"east": {"uv": [7.5, 1.5, 8.05, 1.75], "texture": "#2"},
				"south": {"uv": [7.5, 1.5, 8.3, 1.75], "texture": "#2", "tintindex": 0},
				"west": {"uv": [7.5, 1.5, 8.05, 1.75], "texture": "#2"},
				"up": {"uv": [7.5, 1.5, 8.3, 1.725], "texture": "#2", "tintindex": 0},
				"down": {"uv": [7.5, 1.5, 8.05, 1.725], "texture": "#2", "tintindex": 0}
			}
		},
		{
			"from": [13.75, 21.33, -0.99],
			"to": [16.95, 22.43, 0.01],
			"rotation": {"angle": 0, "axis": "y", "origin": [8.49, 18, 8.5]},
			"faces": {
				"north": {"uv": [7.5, 1.5, 8.3, 1.75], "texture": "#2", "tintindex": 0},
				"east": {"uv": [7.5, 1.5, 7.75, 1.75], "texture": "#2"},
				"south": {"uv": [7.5, 1.5, 8.05, 1.75], "texture": "#2", "tintindex": 0},
				"west": {"uv": [7.5, 1.5, 8.05, 1.75], "texture": "#2"},
				"up": {"uv": [8.3, 1.5, 7.5, 1.75], "texture": "#2", "tintindex": 0},
				"down": {"uv": [7.5, 1.5, 8.05, 1.725], "texture": "#2", "tintindex": 0}
			}
		},
		{
			"from": [2.9, 16, 2],
			"to": [15.9, 24, 15],
			"faces": {
				"north": {"uv": [9, 1.75, 12.25, 3.75], "texture": "#2"},
				"east": {"uv": [7.5, 1.75, 10.25, 4], "texture": "#2"},
				"south": {"uv": [7.5, 1.75, 10.75, 3.75], "texture": "#2"},
				"west": {"uv": [8.25, 1.75, 11.5, 3.75], "texture": "#2"},
				"up": {"uv": [8.25, 2.25, 11.5, 5.5], "texture": "#2"},
				"down": {"uv": [8.25, 2, 11, 4.25], "texture": "#2"}
			}
		}
	],
	"gui_light": "front",
	"display": {
		"thirdperson_righthand": {
			"rotation": [66.88, 0.2, -0.75],
			"translation": [-11.75, 2.25, -0.25],
			"scale": [0.45117, 0.45117, 0.45117]
		},
		"thirdperson_lefthand": {
			"rotation": [66.88, 0.2, -0.75],
			"translation": [-11.75, 2.25, -0.25],
			"scale": [0.45117, 0.45117, 0.45117]
		},
		"firstperson_righthand": {
			"translation": [3.75, 0, -0.75],
			"scale": [0.35156, 0.35156, 0.35156]
		},
		"firstperson_lefthand": {
			"translation": [5, 0, -0.75],
			"scale": [0.35156, 0.35156, 0.35156]
		},
		"ground": {
			"rotation": [-8.26, -51.11, -0.97],
			"translation": [0, 6, 0],
			"scale": [0.41602, 0.41602, 0.41602]
		},
		"gui": {
			"rotation": [179.36, -50.28, 178.74],
			"translation": [0.5, -2.75, 0],
			"scale": [0.4453, 0.4453, 0.4453]
		},
		"head": {
			"rotation": [-180, 90, -180],
			"translation": [-0.5, -6, 1.75],
			"scale": [0.99414, 0.99414, 0.99414]
		},
		"fixed": {
			"rotation": [0, 89.75, 0],
			"translation": [-0.5, -4, 4.75]
		}
	}
}